split	matrix	request	repetition	schedule_position	attempt_index	backend	budget	executed_iterations	status	wall_us	residual_inf
training	msc00726	smooth-tol6	0	10	0	pcg-ic0-cpu-v1	250	29	accepted	3699.875	285.48515678057447
training	msc00726	smooth-tol6	1	3	0	pcg-ic0-cpu-v1	250	29	accepted	4109.0829999999996	285.48515678057447
training	msc00726	smooth-tol6	2	6	0	pcg-ic0-cpu-v1	250	29	accepted	3485.4160000000002	285.48515678057447
training	msc00726	smooth-tol6	3	7	0	pcg-ic0-cpu-v1	250	29	accepted	2757.5	285.48515678057447
training	msc00726	smooth-tol6	4	2	0	pcg-ic0-cpu-v1	250	29	accepted	3016.4160000000002	285.48515678057447
training	msc00726	smooth-tol10	0	10	0	pcg-ic0-cpu-v1	250	38	accepted	4993.4579999999996	0.043283253908157349
training	msc00726	smooth-tol10	1	3	0	pcg-ic0-cpu-v1	250	38	accepted	5992.9579999999996	0.043283253908157349
training	msc00726	smooth-tol10	2	6	0	pcg-ic0-cpu-v1	250	38	accepted	5313.9579999999996	0.043283253908157349
training	msc00726	smooth-tol10	3	7	0	pcg-ic0-cpu-v1	250	38	accepted	4435.0420000000004	0.043283253908157349
training	msc00726	smooth-tol10	4	2	0	pcg-ic0-cpu-v1	250	38	accepted	3910.5830000000001	0.043283253908157349
training	msc00726	oscillatory-tol6	0	10	0	pcg-ic0-cpu-v1	250	28	accepted	4468.5	594.58438342809677
training	msc00726	oscillatory-tol6	1	3	0	pcg-ic0-cpu-v1	250	28	accepted	4740.375	594.58438342809677
training	msc00726	oscillatory-tol6	2	6	0	pcg-ic0-cpu-v1	250	28	accepted	4281.25	594.58438342809677
training	msc00726	oscillatory-tol6	3	7	0	pcg-ic0-cpu-v1	250	28	accepted	4484.5829999999996	594.58438342809677
training	msc00726	oscillatory-tol6	4	2	0	pcg-ic0-cpu-v1	250	28	accepted	4365.25	594.58438342809677
training	msc00726	oscillatory-tol10	0	10	0	pcg-ic0-cpu-v1	250	38	accepted	5571.7920000000004	0.083779033273458481
training	msc00726	oscillatory-tol10	1	3	0	pcg-ic0-cpu-v1	250	38	accepted	4330.9160000000002	0.083779033273458481
training	msc00726	oscillatory-tol10	2	6	0	pcg-ic0-cpu-v1	250	38	accepted	5012.3339999999998	0.083779033273458481
training	msc00726	oscillatory-tol10	3	7	0	pcg-ic0-cpu-v1	250	38	accepted	5862.75	0.083779033273458481
training	msc00726	oscillatory-tol10	4	2	0	pcg-ic0-cpu-v1	250	38	accepted	3828.8330000000001	0.083779033273458481
training	msc00726	sparse-tol6	0	10	0	pcg-ic0-cpu-v1	250	23	accepted	3891.4160000000002	1172.8703315556049
training	msc00726	sparse-tol6	1	3	0	pcg-ic0-cpu-v1	250	23	accepted	2777	1172.8703315556049
training	msc00726	sparse-tol6	2	6	0	pcg-ic0-cpu-v1	250	23	accepted	3360.9580000000001	1172.8703315556049
training	msc00726	sparse-tol6	3	7	0	pcg-ic0-cpu-v1	250	23	accepted	3678	1172.8703315556049
training	msc00726	sparse-tol6	4	2	0	pcg-ic0-cpu-v1	250	23	accepted	3135.2919999999999	1172.8703315556049
training	msc00726	sparse-tol10	0	10	0	pcg-ic0-cpu-v1	250	37	accepted	12900.541999999999	0.048802018165588379
training	msc00726	sparse-tol10	1	3	0	pcg-ic0-cpu-v1	250	37	accepted	4249.7089999999998	0.048802018165588379
training	msc00726	sparse-tol10	2	6	0	pcg-ic0-cpu-v1	250	37	accepted	4097.875	0.048802018165588379
training	msc00726	sparse-tol10	3	7	0	pcg-ic0-cpu-v1	250	37	accepted	5097.4160000000002	0.048802018165588379
training	msc00726	sparse-tol10	4	2	0	pcg-ic0-cpu-v1	250	37	accepted	5594.2089999999998	0.048802018165588379
training	msc00726	random-like-tol6	0	10	0	pcg-ic0-cpu-v1	250	27	accepted	4221.25	2221.9618750810623
training	msc00726	random-like-tol6	1	3	0	pcg-ic0-cpu-v1	250	27	accepted	3921.375	2221.9618750810623
training	msc00726	random-like-tol6	2	6	0	pcg-ic0-cpu-v1	250	27	accepted	3340.8330000000001	2221.9618750810623
training	msc00726	random-like-tol6	3	7	0	pcg-ic0-cpu-v1	250	27	accepted	2671.0830000000001	2221.9618750810623
training	msc00726	random-like-tol6	4	2	0	pcg-ic0-cpu-v1	250	27	accepted	3344.4589999999998	2221.9618750810623
training	msc00726	random-like-tol10	0	10	0	pcg-ic0-cpu-v1	250	38	accepted	4248.1670000000004	0.20242404937744141
training	msc00726	random-like-tol10	1	3	0	pcg-ic0-cpu-v1	250	38	accepted	4257.6670000000004	0.20242404937744141
training	msc00726	random-like-tol10	2	6	0	pcg-ic0-cpu-v1	250	38	accepted	3377.25	0.20242404937744141
training	msc00726	random-like-tol10	3	7	0	pcg-ic0-cpu-v1	250	38	accepted	3719.2919999999999	0.20242404937744141
training	msc00726	random-like-tol10	4	2	0	pcg-ic0-cpu-v1	250	38	accepted	4176.3339999999998	0.20242404937744141
training	crystm01	smooth-tol6	0	10	0	pcg-ic0-cpu-v1	250	0	gate-rejected	2976.25	6.8011308530208703e-12
training	crystm01	smooth-tol6	0	10	1	pcg-jacobi-cpu-v1	250	0	gate-rejected	135.166	6.8011308530208703e-12
training	crystm01	smooth-tol6	0	10	2	accelerate-sparse-qr-cpu-v1	0	0	accepted	54265.084000000003	2.3426013441443167e-26
training	crystm01	smooth-tol6	1	3	0	pcg-ic0-cpu-v1	250	0	gate-rejected	2109.9169999999999	6.8011308530208703e-12
training	crystm01	smooth-tol6	1	3	1	pcg-jacobi-cpu-v1	250	0	gate-rejected	131.958	6.8011308530208703e-12
training	crystm01	smooth-tol6	1	3	2	accelerate-sparse-qr-cpu-v1	0	0	accepted	48726.917000000001	2.3426013441443167e-26
training	crystm01	smooth-tol6	2	6	0	pcg-ic0-cpu-v1	250	0	gate-rejected	5060.5420000000004	6.8011308530208703e-12
training	crystm01	smooth-tol6	2	6	1	pcg-jacobi-cpu-v1	250	0	gate-rejected	420.709	6.8011308530208703e-12
training	crystm01	smooth-tol6	2	6	2	accelerate-sparse-qr-cpu-v1	0	0	accepted	52862.957999999999	2.3426013441443167e-26
training	crystm01	smooth-tol6	3	7	0	pcg-ic0-cpu-v1	250	0	gate-rejected	3026.8330000000001	6.8011308530208703e-12
training	crystm01	smooth-tol6	3	7	1	pcg-jacobi-cpu-v1	250	0	gate-rejected	134.042	6.8011308530208703e-12
training	crystm01	smooth-tol6	3	7	2	accelerate-sparse-qr-cpu-v1	0	0	accepted	46829.332999999999	2.3426013441443167e-26
training	crystm01	smooth-tol6	4	2	0	pcg-ic0-cpu-v1	250	0	gate-rejected	2258.5	6.8011308530208703e-12
training	crystm01	smooth-tol6	4	2	1	pcg-jacobi-cpu-v1	250	0	gate-rejected	191.25	6.8011308530208703e-12
training	crystm01	smooth-tol6	4	2	2	accelerate-sparse-qr-cpu-v1	0	0	accepted	47060.917000000001	2.3426013441443167e-26
training	crystm01	smooth-tol10	0	10	0	pcg-ic0-cpu-v1	250	0	gate-rejected	3176.1660000000002	6.8011308530208703e-12
training	crystm01	smooth-tol10	0	10	1	pcg-jacobi-cpu-v1	250	0	gate-rejected	142.542	6.8011308530208703e-12
training	crystm01	smooth-tol10	0	10	2	accelerate-sparse-qr-cpu-v1	0	0	accepted	51424.75	2.3426013441443167e-26
training	crystm01	smooth-tol10	1	3	0	pcg-ic0-cpu-v1	250	0	gate-rejected	3629.8330000000001	6.8011308530208703e-12
training	crystm01	smooth-tol10	1	3	1	pcg-jacobi-cpu-v1	250	0	gate-rejected	179.292	6.8011308530208703e-12
training	crystm01	smooth-tol10	1	3	2	accelerate-sparse-qr-cpu-v1	0	0	accepted	79662.875	2.3426013441443167e-26
training	crystm01	smooth-tol10	2	6	0	pcg-ic0-cpu-v1	250	0	gate-rejected	2093.1669999999999	6.8011308530208703e-12
training	crystm01	smooth-tol10	2	6	1	pcg-jacobi-cpu-v1	250	0	gate-rejected	132.5	6.8011308530208703e-12
training	crystm01	smooth-tol10	2	6	2	accelerate-sparse-qr-cpu-v1	0	0	accepted	49807.917000000001	2.3426013441443167e-26
training	crystm01	smooth-tol10	3	7	0	pcg-ic0-cpu-v1	250	0	gate-rejected	4219.875	6.8011308530208703e-12
training	crystm01	smooth-tol10	3	7	1	pcg-jacobi-cpu-v1	250	0	gate-rejected	361.75	6.8011308530208703e-12
training	crystm01	smooth-tol10	3	7	2	accelerate-sparse-qr-cpu-v1	0	0	accepted	49532.915999999997	2.3426013441443167e-26
training	crystm01	smooth-tol10	4	2	0	pcg-ic0-cpu-v1	250	0	gate-rejected	3363.375	6.8011308530208703e-12
training	crystm01	smooth-tol10	4	2	1	pcg-jacobi-cpu-v1	250	0	gate-rejected	134.625	6.8011308530208703e-12
training	crystm01	smooth-tol10	4	2	2	accelerate-sparse-qr-cpu-v1	0	0	accepted	48598.209000000003	2.3426013441443167e-26
training	crystm01	oscillatory-tol6	0	10	0	pcg-ic0-cpu-v1	250	0	accepted	3171.8330000000001	3.2456586325189363e-13
training	crystm01	oscillatory-tol6	1	3	0	pcg-ic0-cpu-v1	250	0	accepted	2399.3330000000001	3.2456586325189363e-13
training	crystm01	oscillatory-tol6	2	6	0	pcg-ic0-cpu-v1	250	0	accepted	2874.25	3.2456586325189363e-13
training	crystm01	oscillatory-tol6	3	7	0	pcg-ic0-cpu-v1	250	0	accepted	3434.625	3.2456586325189363e-13
training	crystm01	oscillatory-tol6	4	2	0	pcg-ic0-cpu-v1	250	0	accepted	2696.125	3.2456586325189363e-13
training	crystm01	oscillatory-tol10	0	10	0	pcg-ic0-cpu-v1	250	0	accepted	3336.0839999999998	3.2456586325189363e-13
training	crystm01	oscillatory-tol10	1	3	0	pcg-ic0-cpu-v1	250	0	accepted	3051.875	3.2456586325189363e-13
training	crystm01	oscillatory-tol10	2	6	0	pcg-ic0-cpu-v1	250	0	accepted	2504.8339999999998	3.2456586325189363e-13
training	crystm01	oscillatory-tol10	3	7	0	pcg-ic0-cpu-v1	250	0	accepted	2695.2080000000001	3.2456586325189363e-13
training	crystm01	oscillatory-tol10	4	2	0	pcg-ic0-cpu-v1	250	0	accepted	3077.375	3.2456586325189363e-13
training	crystm01	sparse-tol6	0	10	0	pcg-ic0-cpu-v1	250	0	gate-rejected	4491.4579999999996	2.0133190117507048e-12
training	crystm01	sparse-tol6	0	10	1	pcg-jacobi-cpu-v1	250	0	gate-rejected	356.334	2.0133190117507048e-12
training	crystm01	sparse-tol6	0	10	2	accelerate-sparse-qr-cpu-v1	0	0	accepted	56870	2.0194839173657902e-27
training	crystm01	sparse-tol6	1	3	0	pcg-ic0-cpu-v1	250	0	gate-rejected	4449.9579999999996	2.0133190117507048e-12
training	crystm01	sparse-tol6	1	3	1	pcg-jacobi-cpu-v1	250	0	gate-rejected	463.79199999999997	2.0133190117507048e-12
training	crystm01	sparse-tol6	1	3	2	accelerate-sparse-qr-cpu-v1	0	0	accepted	54848	2.0194839173657902e-27
training	crystm01	sparse-tol6	2	6	0	pcg-ic0-cpu-v1	250	0	gate-rejected	3017	2.0133190117507048e-12
training	crystm01	sparse-tol6	2	6	1	pcg-jacobi-cpu-v1	250	0	gate-rejected	176.875	2.0133190117507048e-12
training	crystm01	sparse-tol6	2	6	2	accelerate-sparse-qr-cpu-v1	0	0	accepted	47296.207999999999	2.0194839173657902e-27
training	crystm01	sparse-tol6	3	7	0	pcg-ic0-cpu-v1	250	0	gate-rejected	2639.9589999999998	2.0133190117507048e-12
training	crystm01	sparse-tol6	3	7	1	pcg-jacobi-cpu-v1	250	0	gate-rejected	137.292	2.0133190117507048e-12
training	crystm01	sparse-tol6	3	7	2	accelerate-sparse-qr-cpu-v1	0	0	accepted	49694.832999999999	2.0194839173657902e-27
training	crystm01	sparse-tol6	4	2	0	pcg-ic0-cpu-v1	250	0	gate-rejected	2161	2.0133190117507048e-12
training	crystm01	sparse-tol6	4	2	1	pcg-jacobi-cpu-v1	250	0	gate-rejected	131.125	2.0133190117507048e-12
training	crystm01	sparse-tol6	4	2	2	accelerate-sparse-qr-cpu-v1	0	0	accepted	53686.875	2.0194839173657902e-27
training	crystm01	sparse-tol10	0	10	0	pcg-ic0-cpu-v1	250	0	gate-rejected	3021.4160000000002	2.0133190117507048e-12
training	crystm01	sparse-tol10	0	10	1	pcg-jacobi-cpu-v1	250	0	gate-rejected	259.33300000000003	2.0133190117507048e-12
training	crystm01	sparse-tol10	0	10	2	accelerate-sparse-qr-cpu-v1	0	0	accepted	51649.667000000001	2.0194839173657902e-27
training	crystm01	sparse-tol10	1	3	0	pcg-ic0-cpu-v1	250	0	gate-rejected	2596.625	2.0133190117507048e-12
training	crystm01	sparse-tol10	1	3	1	pcg-jacobi-cpu-v1	250	0	gate-rejected	142.416	2.0133190117507048e-12
training	crystm01	sparse-tol10	1	3	2	accelerate-sparse-qr-cpu-v1	0	0	accepted	45879.082999999999	2.0194839173657902e-27
training	crystm01	sparse-tol10	2	6	0	pcg-ic0-cpu-v1	250	0	gate-rejected	2104.5	2.0133190117507048e-12
training	crystm01	sparse-tol10	2	6	1	pcg-jacobi-cpu-v1	250	0	gate-rejected	156.083	2.0133190117507048e-12
training	crystm01	sparse-tol10	2	6	2	accelerate-sparse-qr-cpu-v1	0	0	accepted	43025.5	2.0194839173657902e-27
training	crystm01	sparse-tol10	3	7	0	pcg-ic0-cpu-v1	250	0	gate-rejected	2134.5839999999998	2.0133190117507048e-12
training	crystm01	sparse-tol10	3	7	1	pcg-jacobi-cpu-v1	250	0	gate-rejected	242.958	2.0133190117507048e-12
training	crystm01	sparse-tol10	3	7	2	accelerate-sparse-qr-cpu-v1	0	0	accepted	46809.332999999999	2.0194839173657902e-27
training	crystm01	sparse-tol10	4	2	0	pcg-ic0-cpu-v1	250	0	gate-rejected	15350.290999999999	2.0133190117507048e-12
training	crystm01	sparse-tol10	4	2	1	pcg-jacobi-cpu-v1	250	0	gate-rejected	2511	2.0133190117507048e-12
training	crystm01	sparse-tol10	4	2	2	accelerate-sparse-qr-cpu-v1	0	0	accepted	53982.334000000003	2.0194839173657902e-27
training	crystm01	random-like-tol6	0	10	0	pcg-ic0-cpu-v1	250	0	gate-rejected	4990	3.0240338594204189e-12
training	crystm01	random-like-tol6	0	10	1	pcg-jacobi-cpu-v1	250	0	gate-rejected	136.375	3.0240338594204189e-12
training	crystm01	random-like-tol6	0	10	2	accelerate-sparse-qr-cpu-v1	0	0	accepted	55665.75	9.6935228033557931e-27
training	crystm01	random-like-tol6	1	3	0	pcg-ic0-cpu-v1	250	0	gate-rejected	3436.7919999999999	3.0240338594204189e-12
training	crystm01	random-like-tol6	1	3	1	pcg-jacobi-cpu-v1	250	0	gate-rejected	236	3.0240338594204189e-12
training	crystm01	random-like-tol6	1	3	2	accelerate-sparse-qr-cpu-v1	0	0	accepted	59921.375	9.6935228033557931e-27
training	crystm01	random-like-tol6	2	6	0	pcg-ic0-cpu-v1	250	0	gate-rejected	2219.375	3.0240338594204189e-12
training	crystm01	random-like-tol6	2	6	1	pcg-jacobi-cpu-v1	250	0	gate-rejected	240.708	3.0240338594204189e-12
training	crystm01	random-like-tol6	2	6	2	accelerate-sparse-qr-cpu-v1	0	0	accepted	61784.667000000001	9.6935228033557931e-27
training	crystm01	random-like-tol6	3	7	0	pcg-ic0-cpu-v1	250	0	gate-rejected	2415.4169999999999	3.0240338594204189e-12
training	crystm01	random-like-tol6	3	7	1	pcg-jacobi-cpu-v1	250	0	gate-rejected	233.833	3.0240338594204189e-12
training	crystm01	random-like-tol6	3	7	2	accelerate-sparse-qr-cpu-v1	0	0	accepted	43985.832999999999	9.6935228033557931e-27
training	crystm01	random-like-tol6	4	2	0	pcg-ic0-cpu-v1	250	0	gate-rejected	2248.9169999999999	3.0240338594204189e-12
training	crystm01	random-like-tol6	4	2	1	pcg-jacobi-cpu-v1	250	0	gate-rejected	133.542	3.0240338594204189e-12
training	crystm01	random-like-tol6	4	2	2	accelerate-sparse-qr-cpu-v1	0	0	accepted	56586.540999999997	9.6935228033557931e-27
training	crystm01	random-like-tol10	0	10	0	pcg-ic0-cpu-v1	250	0	gate-rejected	2872.5839999999998	3.1160733020984962e-12
training	crystm01	random-like-tol10	0	10	1	pcg-jacobi-cpu-v1	250	0	gate-rejected	133.625	3.1160733020984962e-12
training	crystm01	random-like-tol10	0	10	2	accelerate-sparse-qr-cpu-v1	0	0	accepted	47871.25	9.289626019882635e-27
training	crystm01	random-like-tol10	1	3	0	pcg-ic0-cpu-v1	250	0	gate-rejected	2314.0830000000001	3.1160733020984962e-12
training	crystm01	random-like-tol10	1	3	1	pcg-jacobi-cpu-v1	250	0	gate-rejected	136.042	3.1160733020984962e-12
training	crystm01	random-like-tol10	1	3	2	accelerate-sparse-qr-cpu-v1	0	0	accepted	51881	9.289626019882635e-27
training	crystm01	random-like-tol10	2	6	0	pcg-ic0-cpu-v1	250	0	gate-rejected	2127.75	3.1160733020984962e-12
training	crystm01	random-like-tol10	2	6	1	pcg-jacobi-cpu-v1	250	0	gate-rejected	186.916	3.1160733020984962e-12
training	crystm01	random-like-tol10	2	6	2	accelerate-sparse-qr-cpu-v1	0	0	accepted	72163.167000000001	9.289626019882635e-27
training	crystm01	random-like-tol10	3	7	0	pcg-ic0-cpu-v1	250	0	gate-rejected	2297	3.1160733020984962e-12
training	crystm01	random-like-tol10	3	7	1	pcg-jacobi-cpu-v1	250	0	gate-rejected	136.417	3.1160733020984962e-12
training	crystm01	random-like-tol10	3	7	2	accelerate-sparse-qr-cpu-v1	0	0	accepted	40776	9.289626019882635e-27
training	crystm01	random-like-tol10	4	2	0	pcg-ic0-cpu-v1	250	0	gate-rejected	3510	3.1160733020984962e-12
training	crystm01	random-like-tol10	4	2	1	pcg-jacobi-cpu-v1	250	0	gate-rejected	143.292	3.1160733020984962e-12
training	crystm01	random-like-tol10	4	2	2	accelerate-sparse-qr-cpu-v1	0	0	accepted	50562.457999999999	9.289626019882635e-27
training	bfwb398	smooth-tol6	0	11	0	gmres-ilut-cpu-v1	250	1	gate-rejected	2789.7919999999999	3.0800002944178555e-07
training	bfwb398	smooth-tol6	0	11	1	gmres-ilu0-cpu-v1	250	2	gate-rejected	121.833	1.6721239711339298e-07
training	bfwb398	smooth-tol6	0	11	2	accelerate-sparse-qr-cpu-v1	0	0	accepted	1093.8330000000001	2.7105054312137611e-20
training	bfwb398	smooth-tol6	1	3	0	gmres-ilut-cpu-v1	250	1	gate-rejected	3061.5419999999999	3.0800002944178555e-07
training	bfwb398	smooth-tol6	1	3	1	gmres-ilu0-cpu-v1	250	2	gate-rejected	82.959000000000003	1.6721239711339298e-07
training	bfwb398	smooth-tol6	1	3	2	accelerate-sparse-qr-cpu-v1	0	0	accepted	557.125	2.7105054312137611e-20
training	bfwb398	smooth-tol6	2	7	0	gmres-ilut-cpu-v1	250	1	gate-rejected	3366.2089999999998	3.0800002944178555e-07
training	bfwb398	smooth-tol6	2	7	1	gmres-ilu0-cpu-v1	250	2	gate-rejected	148.083	1.6721239711339298e-07
training	bfwb398	smooth-tol6	2	7	2	accelerate-sparse-qr-cpu-v1	0	0	accepted	654.08399999999995	2.7105054312137611e-20
training	bfwb398	smooth-tol6	3	8	0	gmres-ilut-cpu-v1	250	1	gate-rejected	3567.6660000000002	3.0800002944178555e-07
training	bfwb398	smooth-tol6	3	8	1	gmres-ilu0-cpu-v1	250	2	gate-rejected	103.208	1.6721239711339298e-07
training	bfwb398	smooth-tol6	3	8	2	accelerate-sparse-qr-cpu-v1	0	0	accepted	599.08299999999997	2.7105054312137611e-20
training	bfwb398	smooth-tol6	4	2	0	gmres-ilut-cpu-v1	250	1	gate-rejected	3921.1669999999999	3.0800002944178555e-07
training	bfwb398	smooth-tol6	4	2	1	gmres-ilu0-cpu-v1	250	2	gate-rejected	98.167000000000002	1.6721239711339298e-07
training	bfwb398	smooth-tol6	4	2	2	accelerate-sparse-qr-cpu-v1	0	0	accepted	1154.0419999999999	2.7105054312137611e-20
training	bfwb398	smooth-tol10	0	11	0	gmres-ilut-cpu-v1	250	3	gate-rejected	2746.0419999999999	9.2865175659452397e-12
training	bfwb398	smooth-tol10	0	11	1	gmres-ilu0-cpu-v1	250	6	gate-rejected	122.916	6.7676515162328615e-12
training	bfwb398	smooth-tol10	0	11	2	accelerate-sparse-qr-cpu-v1	0	0	accepted	594.58399999999995	2.7105054312137611e-20
training	bfwb398	smooth-tol10	1	3	0	gmres-ilut-cpu-v1	250	3	gate-rejected	6489.9170000000004	9.2865175659452397e-12
training	bfwb398	smooth-tol10	1	3	1	gmres-ilu0-cpu-v1	250	6	gate-rejected	278.25	6.7676515162328615e-12
training	bfwb398	smooth-tol10	1	3	2	accelerate-sparse-qr-cpu-v1	0	0	accepted	874.29200000000003	2.7105054312137611e-20
training	bfwb398	smooth-tol10	2	7	0	gmres-ilut-cpu-v1	250	3	gate-rejected	2864.9169999999999	9.2865175659452397e-12
training	bfwb398	smooth-tol10	2	7	1	gmres-ilu0-cpu-v1	250	6	gate-rejected	121.875	6.7676515162328615e-12
training	bfwb398	smooth-tol10	2	7	2	accelerate-sparse-qr-cpu-v1	0	0	accepted	909.79200000000003	2.7105054312137611e-20
training	bfwb398	smooth-tol10	3	8	0	gmres-ilut-cpu-v1	250	3	gate-rejected	3537.7919999999999	9.2865175659452397e-12
training	bfwb398	smooth-tol10	3	8	1	gmres-ilu0-cpu-v1	250	6	gate-rejected	193.5	6.7676515162328615e-12
training	bfwb398	smooth-tol10	3	8	2	accelerate-sparse-qr-cpu-v1	0	0	accepted	709.79200000000003	2.7105054312137611e-20
training	bfwb398	smooth-tol10	4	2	0	gmres-ilut-cpu-v1	250	3	gate-rejected	2732.75	9.2865175659452397e-12
training	bfwb398	smooth-tol10	4	2	1	gmres-ilu0-cpu-v1	250	6	gate-rejected	123.5	6.7676515162328615e-12
training	bfwb398	smooth-tol10	4	2	2	accelerate-sparse-qr-cpu-v1	0	0	accepted	598.875	2.7105054312137611e-20
training	bfwb398	oscillatory-tol6	0	11	0	gmres-ilut-cpu-v1	250	1	gate-rejected	4095.875	2.8968103762049704e-07
training	bfwb398	oscillatory-tol6	0	11	1	gmres-ilu0-cpu-v1	250	2	gate-rejected	131.917	2.9679377132882308e-07
training	bfwb398	oscillatory-tol6	0	11	2	accelerate-sparse-qr-cpu-v1	0	0	accepted	737.79100000000005	2.3716922523120409e-20
training	bfwb398	oscillatory-tol6	1	3	0	gmres-ilut-cpu-v1	250	1	gate-rejected	2666.4589999999998	2.8968103762049704e-07
training	bfwb398	oscillatory-tol6	1	3	1	gmres-ilu0-cpu-v1	250	2	gate-rejected	164.416	2.9679377132882308e-07
training	bfwb398	oscillatory-tol6	1	3	2	accelerate-sparse-qr-cpu-v1	0	0	accepted	640.54100000000005	2.3716922523120409e-20
training	bfwb398	oscillatory-tol6	2	7	0	gmres-ilut-cpu-v1	250	1	gate-rejected	5268.2089999999998	2.8968103762049704e-07
training	bfwb398	oscillatory-tol6	2	7	1	gmres-ilu0-cpu-v1	250	2	gate-rejected	92.917000000000002	2.9679377132882308e-07
training	bfwb398	oscillatory-tol6	2	7	2	accelerate-sparse-qr-cpu-v1	0	0	accepted	938.875	2.3716922523120409e-20
training	bfwb398	oscillatory-tol6	3	8	0	gmres-ilut-cpu-v1	250	1	gate-rejected	5276.4589999999998	2.8968103762049704e-07
training	bfwb398	oscillatory-tol6	3	8	1	gmres-ilu0-cpu-v1	250	2	gate-rejected	166.542	2.9679377132882308e-07
training	bfwb398	oscillatory-tol6	3	8	2	accelerate-sparse-qr-cpu-v1	0	0	accepted	775.45799999999997	2.3716922523120409e-20
training	bfwb398	oscillatory-tol6	4	2	0	gmres-ilut-cpu-v1	250	1	gate-rejected	3297.625	2.8968103762049704e-07
training	bfwb398	oscillatory-tol6	4	2	1	gmres-ilu0-cpu-v1	250	2	gate-rejected	97.790999999999997	2.9679377132882308e-07
training	bfwb398	oscillatory-tol6	4	2	2	accelerate-sparse-qr-cpu-v1	0	0	accepted	793	2.3716922523120409e-20
training	bfwb398	oscillatory-tol10	0	11	0	gmres-ilut-cpu-v1	250	3	gate-rejected	3995.0419999999999	1.7663764555035395e-11
training	bfwb398	oscillatory-tol10	0	11	1	gmres-ilu0-cpu-v1	250	6	gate-rejected	126.042	1.3269708201452558e-11
training	bfwb398	oscillatory-tol10	0	11	2	accelerate-sparse-qr-cpu-v1	0	0	accepted	634.41700000000003	2.3716922523120409e-20
training	bfwb398	oscillatory-tol10	1	3	0	gmres-ilut-cpu-v1	250	3	gate-rejected	3235.5	1.7663764555035395e-11
training	bfwb398	oscillatory-tol10	1	3	1	gmres-ilu0-cpu-v1	250	6	gate-rejected	209.625	1.3269708201452558e-11
training	bfwb398	oscillatory-tol10	1	3	2	accelerate-sparse-qr-cpu-v1	0	0	accepted	806.16700000000003	2.3716922523120409e-20
training	bfwb398	oscillatory-tol10	2	7	0	gmres-ilut-cpu-v1	250	3	gate-rejected	3233.5419999999999	1.7663764555035395e-11
training	bfwb398	oscillatory-tol10	2	7	1	gmres-ilu0-cpu-v1	250	6	gate-rejected	121.5	1.3269708201452558e-11
training	bfwb398	oscillatory-tol10	2	7	2	accelerate-sparse-qr-cpu-v1	0	0	accepted	587.45899999999995	2.3716922523120409e-20
training	bfwb398	oscillatory-tol10	3	8	0	gmres-ilut-cpu-v1	250	3	gate-rejected	4358.5839999999998	1.7663764555035395e-11
training	bfwb398	oscillatory-tol10	3	8	1	gmres-ilu0-cpu-v1	250	6	gate-rejected	174.167	1.3269708201452558e-11
training	bfwb398	oscillatory-tol10	3	8	2	accelerate-sparse-qr-cpu-v1	0	0	accepted	910.54100000000005	2.3716922523120409e-20
training	bfwb398	oscillatory-tol10	4	2	0	gmres-ilut-cpu-v1	250	3	gate-rejected	3141.5419999999999	1.7663764555035395e-11
training	bfwb398	oscillatory-tol10	4	2	1	gmres-ilu0-cpu-v1	250	6	gate-rejected	122.666	1.3269708201452558e-11
training	bfwb398	oscillatory-tol10	4	2	2	accelerate-sparse-qr-cpu-v1	0	0	accepted	863.95799999999997	2.3716922523120409e-20
training	bfwb398	sparse-tol6	0	11	0	gmres-ilut-cpu-v1	250	1	gate-rejected	3756.2080000000001	6.1666904079027487e-08
training	bfwb398	sparse-tol6	0	11	1	gmres-ilu0-cpu-v1	250	1	gate-rejected	83.957999999999998	9.385339845540735e-07
training	bfwb398	sparse-tol6	0	11	2	accelerate-sparse-qr-cpu-v1	0	0	accepted	700.20799999999997	1.0164395367051604e-20
training	bfwb398	sparse-tol6	1	3	0	gmres-ilut-cpu-v1	250	1	gate-rejected	3156.125	6.1666904079027487e-08
training	bfwb398	sparse-tol6	1	3	1	gmres-ilu0-cpu-v1	250	1	gate-rejected	81.125	9.385339845540735e-07
training	bfwb398	sparse-tol6	1	3	2	accelerate-sparse-qr-cpu-v1	0	0	accepted	861.625	1.0164395367051604e-20
training	bfwb398	sparse-tol6	2	7	0	gmres-ilut-cpu-v1	250	1	gate-rejected	3873.75	6.1666904079027487e-08
training	bfwb398	sparse-tol6	2	7	1	gmres-ilu0-cpu-v1	250	1	gate-rejected	80.625	9.385339845540735e-07
training	bfwb398	sparse-tol6	2	7	2	accelerate-sparse-qr-cpu-v1	0	0	accepted	963	1.0164395367051604e-20
training	bfwb398	sparse-tol6	3	8	0	gmres-ilut-cpu-v1	250	1	gate-rejected	3617.7919999999999	6.1666904079027487e-08
training	bfwb398	sparse-tol6	3	8	1	gmres-ilu0-cpu-v1	250	1	gate-rejected	182.666	9.385339845540735e-07
training	bfwb398	sparse-tol6	3	8	2	accelerate-sparse-qr-cpu-v1	0	0	accepted	875.375	1.0164395367051604e-20
training	bfwb398	sparse-tol6	4	2	0	gmres-ilut-cpu-v1	250	1	gate-rejected	3779.4580000000001	6.1666904079027487e-08
training	bfwb398	sparse-tol6	4	2	1	gmres-ilu0-cpu-v1	250	1	gate-rejected	87.459000000000003	9.385339845540735e-07
training	bfwb398	sparse-tol6	4	2	2	accelerate-sparse-qr-cpu-v1	0	0	accepted	804.41600000000005	1.0164395367051604e-20
training	bfwb398	sparse-tol10	0	11	0	gmres-ilut-cpu-v1	250	3	gate-rejected	4414.25	5.0557545058411471e-12
training	bfwb398	sparse-tol10	0	11	1	gmres-ilu0-cpu-v1	250	5	gate-rejected	116.458	6.7097925881316343e-11
training	bfwb398	sparse-tol10	0	11	2	accelerate-sparse-qr-cpu-v1	0	0	accepted	883.54100000000005	1.0164395367051604e-20
training	bfwb398	sparse-tol10	1	3	0	gmres-ilut-cpu-v1	250	3	gate-rejected	2592.4169999999999	5.0557545058411471e-12
training	bfwb398	sparse-tol10	1	3	1	gmres-ilu0-cpu-v1	250	5	gate-rejected	116.042	6.7097925881316343e-11
training	bfwb398	sparse-tol10	1	3	2	accelerate-sparse-qr-cpu-v1	0	0	accepted	572.25	1.0164395367051604e-20
training	bfwb398	sparse-tol10	2	7	0	gmres-ilut-cpu-v1	250	3	gate-rejected	3130.125	5.0557545058411471e-12
training	bfwb398	sparse-tol10	2	7	1	gmres-ilu0-cpu-v1	250	5	gate-rejected	114.25	6.7097925881316343e-11
training	bfwb398	sparse-tol10	2	7	2	accelerate-sparse-qr-cpu-v1	0	0	accepted	621.5	1.0164395367051604e-20
training	bfwb398	sparse-tol10	3	8	0	gmres-ilut-cpu-v1	250	3	gate-rejected	2905.625	5.0557545058411471e-12
training	bfwb398	sparse-tol10	3	8	1	gmres-ilu0-cpu-v1	250	5	gate-rejected	173.583	6.7097925881316343e-11
training	bfwb398	sparse-tol10	3	8	2	accelerate-sparse-qr-cpu-v1	0	0	accepted	626.5	1.0164395367051604e-20
training	bfwb398	sparse-tol10	4	2	0	gmres-ilut-cpu-v1	250	3	gate-rejected	3186.6660000000002	5.0557545058411471e-12
training	bfwb398	sparse-tol10	4	2	1	gmres-ilu0-cpu-v1	250	5	gate-rejected	121.041	6.7097925881316343e-11
training	bfwb398	sparse-tol10	4	2	2	accelerate-sparse-qr-cpu-v1	0	0	accepted	683.04200000000003	1.0164395367051604e-20
training	bfwb398	random-like-tol6	0	11	0	gmres-ilut-cpu-v1	250	1	gate-rejected	3084.4160000000002	1.0198612697283418e-07
training	bfwb398	random-like-tol6	0	11	1	gmres-ilu0-cpu-v1	250	2	gate-rejected	91.167000000000002	1.1981049491078092e-07
training	bfwb398	random-like-tol6	0	11	2	accelerate-sparse-qr-cpu-v1	0	0	accepted	616.75	1.3552527156068805e-20
training	bfwb398	random-like-tol6	1	3	0	gmres-ilut-cpu-v1	250	1	gate-rejected	2748.5419999999999	1.0198612697283418e-07
training	bfwb398	random-like-tol6	1	3	1	gmres-ilu0-cpu-v1	250	2	gate-rejected	89.75	1.1981049491078092e-07
training	bfwb398	random-like-tol6	1	3	2	accelerate-sparse-qr-cpu-v1	0	0	accepted	573.33399999999995	1.3552527156068805e-20
training	bfwb398	random-like-tol6	2	7	0	gmres-ilut-cpu-v1	250	1	gate-rejected	2737.375	1.0198612697283418e-07
training	bfwb398	random-like-tol6	2	7	1	gmres-ilu0-cpu-v1	250	2	gate-rejected	87.417000000000002	1.1981049491078092e-07
training	bfwb398	random-like-tol6	2	7	2	accelerate-sparse-qr-cpu-v1	0	0	accepted	572.41600000000005	1.3552527156068805e-20
training	bfwb398	random-like-tol6	3	8	0	gmres-ilut-cpu-v1	250	1	gate-rejected	2962.9580000000001	1.0198612697283418e-07
training	bfwb398	random-like-tol6	3	8	1	gmres-ilu0-cpu-v1	250	2	gate-rejected	88.417000000000002	1.1981049491078092e-07
training	bfwb398	random-like-tol6	3	8	2	accelerate-sparse-qr-cpu-v1	0	0	accepted	633.5	1.3552527156068805e-20
training	bfwb398	random-like-tol6	4	2	0	gmres-ilut-cpu-v1	250	1	gate-rejected	3012.9169999999999	1.0198612697283418e-07
training	bfwb398	random-like-tol6	4	2	1	gmres-ilu0-cpu-v1	250	2	gate-rejected	97.790999999999997	1.1981049491078092e-07
training	bfwb398	random-like-tol6	4	2	2	accelerate-sparse-qr-cpu-v1	0	0	accepted	756.25	1.3552527156068805e-20
training	bfwb398	random-like-tol10	0	11	0	gmres-ilut-cpu-v1	250	3	gate-rejected	2973.875	7.4288023852570571e-12
training	bfwb398	random-like-tol10	0	11	1	gmres-ilu0-cpu-v1	250	5	gate-rejected	113.041	8.739309358752115e-11
training	bfwb398	random-like-tol10	0	11	2	accelerate-sparse-qr-cpu-v1	0	0	accepted	591.95799999999997	1.3552527156068805e-20
training	bfwb398	random-like-tol10	1	3	0	gmres-ilut-cpu-v1	250	3	gate-rejected	3992	7.4288023852570571e-12
training	bfwb398	random-like-tol10	1	3	1	gmres-ilu0-cpu-v1	250	5	gate-rejected	132.375	8.739309358752115e-11
training	bfwb398	random-like-tol10	1	3	2	accelerate-sparse-qr-cpu-v1	0	0	accepted	567.45799999999997	1.3552527156068805e-20
training	bfwb398	random-like-tol10	2	7	0	gmres-ilut-cpu-v1	250	3	gate-rejected	4774.8329999999996	7.4288023852570571e-12
training	bfwb398	random-like-tol10	2	7	1	gmres-ilu0-cpu-v1	250	5	gate-rejected	120.666	8.739309358752115e-11
training	bfwb398	random-like-tol10	2	7	2	accelerate-sparse-qr-cpu-v1	0	0	accepted	971.16600000000005	1.3552527156068805e-20
training	bfwb398	random-like-tol10	3	8	0	gmres-ilut-cpu-v1	250	3	gate-rejected	2993.5	7.4288023852570571e-12
training	bfwb398	random-like-tol10	3	8	1	gmres-ilu0-cpu-v1	250	5	gate-rejected	186.292	8.739309358752115e-11
training	bfwb398	random-like-tol10	3	8	2	accelerate-sparse-qr-cpu-v1	0	0	accepted	723.54200000000003	1.3552527156068805e-20
training	bfwb398	random-like-tol10	4	2	0	gmres-ilut-cpu-v1	250	3	gate-rejected	4854.5829999999996	7.4288023852570571e-12
training	bfwb398	random-like-tol10	4	2	1	gmres-ilu0-cpu-v1	250	5	gate-rejected	179.75	8.739309358752115e-11
training	bfwb398	random-like-tol10	4	2	2	accelerate-sparse-qr-cpu-v1	0	0	accepted	645.41600000000005	1.3552527156068805e-20
training	saylr4	smooth-tol6	0	6	0	gmres-ilu0-cpu-v1	250	52	accepted	8674.625	9.0949409824875316e-07
training	saylr4	smooth-tol6	1	2	0	gmres-ilu0-cpu-v1	250	52	accepted	8407.3330000000005	9.0949409824875316e-07
training	saylr4	smooth-tol6	2	4	0	gmres-ilu0-cpu-v1	250	52	accepted	7862.5829999999996	9.0949409824875316e-07
training	saylr4	smooth-tol6	3	5	0	gmres-ilu0-cpu-v1	250	52	accepted	7339.8329999999996	9.0949409824875316e-07
training	saylr4	smooth-tol6	4	1	0	gmres-ilu0-cpu-v1	250	52	accepted	8328.1669999999995	9.0949409824875316e-07
training	saylr4	smooth-tol10	0	6	0	gmres-ilu0-cpu-v1	250	117	accepted	28742.292000000001	1.5332730918249382e-10
training	saylr4	smooth-tol10	1	2	0	gmres-ilu0-cpu-v1	250	117	accepted	31401.082999999999	1.5332730918249382e-10
training	saylr4	smooth-tol10	2	4	0	gmres-ilu0-cpu-v1	250	117	accepted	16807.582999999999	1.5332730918249382e-10
training	saylr4	smooth-tol10	3	5	0	gmres-ilu0-cpu-v1	250	117	accepted	19692.542000000001	1.5332730918249382e-10
training	saylr4	smooth-tol10	4	1	0	gmres-ilu0-cpu-v1	250	117	accepted	18681.667000000001	1.5332730918249382e-10
training	saylr4	oscillatory-tol6	0	6	0	gmres-ilu0-cpu-v1	250	10	accepted	1842.4590000000001	0.0093480468622146873
training	saylr4	oscillatory-tol6	1	2	0	gmres-ilu0-cpu-v1	250	10	accepted	1842.5419999999999	0.0093480468622146873
training	saylr4	oscillatory-tol6	2	4	0	gmres-ilu0-cpu-v1	250	10	accepted	1337.5830000000001	0.0093480468622146873
training	saylr4	oscillatory-tol6	3	5	0	gmres-ilu0-cpu-v1	250	10	accepted	1190	0.0093480468622146873
training	saylr4	oscillatory-tol6	4	1	0	gmres-ilu0-cpu-v1	250	10	accepted	1653.3340000000001	0.0093480468622146873
training	saylr4	oscillatory-tol10	0	6	0	gmres-ilu0-cpu-v1	250	78	accepted	12555.959000000001	1.2116779544157907e-06
training	saylr4	oscillatory-tol10	1	2	0	gmres-ilu0-cpu-v1	250	78	accepted	12279.709000000001	1.2116779544157907e-06
training	saylr4	oscillatory-tol10	2	4	0	gmres-ilu0-cpu-v1	250	78	accepted	13901.208000000001	1.2116779544157907e-06
training	saylr4	oscillatory-tol10	3	5	0	gmres-ilu0-cpu-v1	250	78	accepted	12293.833000000001	1.2116779544157907e-06
training	saylr4	oscillatory-tol10	4	1	0	gmres-ilu0-cpu-v1	250	78	accepted	11609.084000000001	1.2116779544157907e-06
training	saylr4	sparse-tol6	0	6	0	gmres-ilu0-cpu-v1	250	9	accepted	1331.5830000000001	0.0021642979339429654
training	saylr4	sparse-tol6	1	2	0	gmres-ilu0-cpu-v1	250	9	accepted	1542.8330000000001	0.0021642979339429654
training	saylr4	sparse-tol6	2	4	0	gmres-ilu0-cpu-v1	250	9	accepted	23018.875	0.0021642979339429654
training	saylr4	sparse-tol6	3	5	0	gmres-ilu0-cpu-v1	250	9	accepted	1299.875	0.0021642979339429654
training	saylr4	sparse-tol6	4	1	0	gmres-ilu0-cpu-v1	250	9	accepted	1308.7919999999999	0.0021642979339429654
training	saylr4	sparse-tol10	0	6	0	gmres-ilu0-cpu-v1	250	78	accepted	11177.709000000001	7.342841854551807e-07
training	saylr4	sparse-tol10	1	2	0	gmres-ilu0-cpu-v1	250	78	accepted	10596	7.342841854551807e-07
training	saylr4	sparse-tol10	2	4	0	gmres-ilu0-cpu-v1	250	78	accepted	11807.625	7.342841854551807e-07
training	saylr4	sparse-tol10	3	5	0	gmres-ilu0-cpu-v1	250	78	accepted	15042.208000000001	7.342841854551807e-07
training	saylr4	sparse-tol10	4	1	0	gmres-ilu0-cpu-v1	250	78	accepted	12005.208000000001	7.342841854551807e-07
training	saylr4	random-like-tol6	0	6	0	gmres-ilu0-cpu-v1	250	11	accepted	1532.625	0.0081822558223052511
training	saylr4	random-like-tol6	1	2	0	gmres-ilu0-cpu-v1	250	11	accepted	1351.375	0.0081822558223052511
training	saylr4	random-like-tol6	2	4	0	gmres-ilu0-cpu-v1	250	11	accepted	1518.7919999999999	0.0081822558223052511
training	saylr4	random-like-tol6	3	5	0	gmres-ilu0-cpu-v1	250	11	accepted	2840.4580000000001	0.0081822558223052511
training	saylr4	random-like-tol6	4	1	0	gmres-ilu0-cpu-v1	250	11	accepted	1356.4169999999999	0.0081822558223052511
training	saylr4	random-like-tol10	0	6	0	gmres-ilu0-cpu-v1	250	65	accepted	10706.916999999999	5.5585041991434991e-07
training	saylr4	random-like-tol10	1	2	0	gmres-ilu0-cpu-v1	250	65	accepted	11443.290999999999	5.5585041991434991e-07
training	saylr4	random-like-tol10	2	4	0	gmres-ilu0-cpu-v1	250	65	accepted	11830.084000000001	5.5585041991434991e-07
training	saylr4	random-like-tol10	3	5	0	gmres-ilu0-cpu-v1	250	65	accepted	9769.875	5.5585041991434991e-07
training	saylr4	random-like-tol10	4	1	0	gmres-ilu0-cpu-v1	250	65	accepted	10658.875	5.5585041991434991e-07
training	impcol_e	smooth-tol6	0	11	0	gmres-ilut-cpu-v1	250	0	solver-failed	1.4159999999999999	inf
training	impcol_e	smooth-tol6	0	11	1	gmres-ilu0-cpu-v1	250	0	solver-failed	16.25	inf
training	impcol_e	smooth-tol6	0	11	2	accelerate-sparse-qr-cpu-v1	0	0	accepted	293.04199999999997	4.5474735088646412e-13
training	impcol_e	smooth-tol6	1	3	0	gmres-ilut-cpu-v1	250	0	solver-failed	0.5	inf
training	impcol_e	smooth-tol6	1	3	1	gmres-ilu0-cpu-v1	250	0	solver-failed	13.042	inf
training	impcol_e	smooth-tol6	1	3	2	accelerate-sparse-qr-cpu-v1	0	0	accepted	144.416	4.5474735088646412e-13
training	impcol_e	smooth-tol6	2	7	0	gmres-ilut-cpu-v1	250	0	solver-failed	0.83399999999999996	inf
training	impcol_e	smooth-tol6	2	7	1	gmres-ilu0-cpu-v1	250	0	solver-failed	15.417	inf
training	impcol_e	smooth-tol6	2	7	2	accelerate-sparse-qr-cpu-v1	0	0	accepted	224.667	4.5474735088646412e-13
training	impcol_e	smooth-tol6	3	8	0	gmres-ilut-cpu-v1	250	0	solver-failed	0.54100000000000004	inf
training	impcol_e	smooth-tol6	3	8	1	gmres-ilu0-cpu-v1	250	0	solver-failed	13.291	inf
training	impcol_e	smooth-tol6	3	8	2	accelerate-sparse-qr-cpu-v1	0	0	accepted	154.542	4.5474735088646412e-13
training	impcol_e	smooth-tol6	4	2	0	gmres-ilut-cpu-v1	250	0	solver-failed	0.91700000000000004	inf
training	impcol_e	smooth-tol6	4	2	1	gmres-ilu0-cpu-v1	250	0	solver-failed	14.916	inf
training	impcol_e	smooth-tol6	4	2	2	accelerate-sparse-qr-cpu-v1	0	0	accepted	329.5	4.5474735088646412e-13
training	impcol_e	smooth-tol10	0	11	0	gmres-ilut-cpu-v1	250	0	solver-failed	1.375	inf
training	impcol_e	smooth-tol10	0	11	1	gmres-ilu0-cpu-v1	250	0	solver-failed	15.125	inf
training	impcol_e	smooth-tol10	0	11	2	accelerate-sparse-qr-cpu-v1	0	0	accepted	252.917	4.5474735088646412e-13
training	impcol_e	smooth-tol10	1	3	0	gmres-ilut-cpu-v1	250	0	solver-failed	0.875	inf
training	impcol_e	smooth-tol10	1	3	1	gmres-ilu0-cpu-v1	250	0	solver-failed	14.542	inf
training	impcol_e	smooth-tol10	1	3	2	accelerate-sparse-qr-cpu-v1	0	0	accepted	212.917	4.5474735088646412e-13
training	impcol_e	smooth-tol10	2	7	0	gmres-ilut-cpu-v1	250	0	solver-failed	0.95799999999999996	inf
training	impcol_e	smooth-tol10	2	7	1	gmres-ilu0-cpu-v1	250	0	solver-failed	14.333	inf
training	impcol_e	smooth-tol10	2	7	2	accelerate-sparse-qr-cpu-v1	0	0	accepted	146	4.5474735088646412e-13
training	impcol_e	smooth-tol10	3	8	0	gmres-ilut-cpu-v1	250	0	solver-failed	0.54100000000000004	inf
training	impcol_e	smooth-tol10	3	8	1	gmres-ilu0-cpu-v1	250	0	solver-failed	14.458	inf
training	impcol_e	smooth-tol10	3	8	2	accelerate-sparse-qr-cpu-v1	0	0	accepted	136.625	4.5474735088646412e-13
training	impcol_e	smooth-tol10	4	2	0	gmres-ilut-cpu-v1	250	0	solver-failed	1.375	inf
training	impcol_e	smooth-tol10	4	2	1	gmres-ilu0-cpu-v1	250	0	solver-failed	16.667000000000002	inf
training	impcol_e	smooth-tol10	4	2	2	accelerate-sparse-qr-cpu-v1	0	0	accepted	224.25	4.5474735088646412e-13
training	impcol_e	oscillatory-tol6	0	11	0	gmres-ilut-cpu-v1	250	0	solver-failed	0.83399999999999996	inf
training	impcol_e	oscillatory-tol6	0	11	1	gmres-ilu0-cpu-v1	250	0	solver-failed	14.917	inf
training	impcol_e	oscillatory-tol6	0	11	2	accelerate-sparse-qr-cpu-v1	0	0	accepted	184	4.5474735088646412e-13
training	impcol_e	oscillatory-tol6	1	3	0	gmres-ilut-cpu-v1	250	0	solver-failed	0.41699999999999998	inf
training	impcol_e	oscillatory-tol6	1	3	1	gmres-ilu0-cpu-v1	250	0	solver-failed	13.125	inf
training	impcol_e	oscillatory-tol6	1	3	2	accelerate-sparse-qr-cpu-v1	0	0	accepted	134.541	4.5474735088646412e-13
training	impcol_e	oscillatory-tol6	2	7	0	gmres-ilut-cpu-v1	250	0	solver-failed	0.66700000000000004	inf
training	impcol_e	oscillatory-tol6	2	7	1	gmres-ilu0-cpu-v1	250	0	solver-failed	14.625	inf
training	impcol_e	oscillatory-tol6	2	7	2	accelerate-sparse-qr-cpu-v1	0	0	accepted	217.625	4.5474735088646412e-13
training	impcol_e	oscillatory-tol6	3	8	0	gmres-ilut-cpu-v1	250	0	solver-failed	1.1659999999999999	inf
training	impcol_e	oscillatory-tol6	3	8	1	gmres-ilu0-cpu-v1	250	0	solver-failed	13.209	inf
training	impcol_e	oscillatory-tol6	3	8	2	accelerate-sparse-qr-cpu-v1	0	0	accepted	333.709	4.5474735088646412e-13
training	impcol_e	oscillatory-tol6	4	2	0	gmres-ilut-cpu-v1	250	0	solver-failed	2.9169999999999998	inf
training	impcol_e	oscillatory-tol6	4	2	1	gmres-ilu0-cpu-v1	250	0	solver-failed	18.209	inf
training	impcol_e	oscillatory-tol6	4	2	2	accelerate-sparse-qr-cpu-v1	0	0	accepted	246.333	4.5474735088646412e-13
training	impcol_e	oscillatory-tol10	0	11	0	gmres-ilut-cpu-v1	250	0	solver-failed	0.91700000000000004	inf
training	impcol_e	oscillatory-tol10	0	11	1	gmres-ilu0-cpu-v1	250	0	solver-failed	15.417	inf
training	impcol_e	oscillatory-tol10	0	11	2	accelerate-sparse-qr-cpu-v1	0	0	accepted	235.416	4.5474735088646412e-13
training	impcol_e	oscillatory-tol10	1	3	0	gmres-ilut-cpu-v1	250	0	solver-failed	1.0840000000000001	inf
training	impcol_e	oscillatory-tol10	1	3	1	gmres-ilu0-cpu-v1	250	0	solver-failed	13.916	inf
training	impcol_e	oscillatory-tol10	1	3	2	accelerate-sparse-qr-cpu-v1	0	0	accepted	134.083	4.5474735088646412e-13
training	impcol_e	oscillatory-tol10	2	7	0	gmres-ilut-cpu-v1	250	0	solver-failed	1.292	inf
training	impcol_e	oscillatory-tol10	2	7	1	gmres-ilu0-cpu-v1	250	0	solver-failed	16.041	inf
training	impcol_e	oscillatory-tol10	2	7	2	accelerate-sparse-qr-cpu-v1	0	0	accepted	164.458	4.5474735088646412e-13
training	impcol_e	oscillatory-tol10	3	8	0	gmres-ilut-cpu-v1	250	0	solver-failed	0.91700000000000004	inf
training	impcol_e	oscillatory-tol10	3	8	1	gmres-ilu0-cpu-v1	250	0	solver-failed	14.792	inf
training	impcol_e	oscillatory-tol10	3	8	2	accelerate-sparse-qr-cpu-v1	0	0	accepted	187.125	4.5474735088646412e-13
training	impcol_e	oscillatory-tol10	4	2	0	gmres-ilut-cpu-v1	250	0	solver-failed	1.4159999999999999	inf
training	impcol_e	oscillatory-tol10	4	2	1	gmres-ilu0-cpu-v1	250	0	solver-failed	15.833	inf
training	impcol_e	oscillatory-tol10	4	2	2	accelerate-sparse-qr-cpu-v1	0	0	accepted	240.292	4.5474735088646412e-13
training	impcol_e	sparse-tol6	0	11	0	gmres-ilut-cpu-v1	250	0	solver-failed	0.875	inf
training	impcol_e	sparse-tol6	0	11	1	gmres-ilu0-cpu-v1	250	0	solver-failed	14.083	inf
training	impcol_e	sparse-tol6	0	11	2	accelerate-sparse-qr-cpu-v1	0	0	accepted	164.208	9.0949470177292824e-13
training	impcol_e	sparse-tol6	1	3	0	gmres-ilut-cpu-v1	250	0	solver-failed	0.45800000000000002	inf
training	impcol_e	sparse-tol6	1	3	1	gmres-ilu0-cpu-v1	250	0	solver-failed	13	inf
training	impcol_e	sparse-tol6	1	3	2	accelerate-sparse-qr-cpu-v1	0	0	accepted	135.542	9.0949470177292824e-13
training	impcol_e	sparse-tol6	2	7	0	gmres-ilut-cpu-v1	250	0	solver-failed	0.75	inf
training	impcol_e	sparse-tol6	2	7	1	gmres-ilu0-cpu-v1	250	0	solver-failed	14.833	inf
training	impcol_e	sparse-tol6	2	7	2	accelerate-sparse-qr-cpu-v1	0	0	accepted	222.417	9.0949470177292824e-13
training	impcol_e	sparse-tol6	3	8	0	gmres-ilut-cpu-v1	250	0	solver-failed	0.45800000000000002	inf
training	impcol_e	sparse-tol6	3	8	1	gmres-ilu0-cpu-v1	250	0	solver-failed	12.833	inf
training	impcol_e	sparse-tol6	3	8	2	accelerate-sparse-qr-cpu-v1	0	0	accepted	133.542	9.0949470177292824e-13
training	impcol_e	sparse-tol6	4	2	0	gmres-ilut-cpu-v1	250	0	solver-failed	1.0840000000000001	inf
training	impcol_e	sparse-tol6	4	2	1	gmres-ilu0-cpu-v1	250	0	solver-failed	15.459	inf
training	impcol_e	sparse-tol6	4	2	2	accelerate-sparse-qr-cpu-v1	0	0	accepted	228.208	9.0949470177292824e-13
training	impcol_e	sparse-tol10	0	11	0	gmres-ilut-cpu-v1	250	0	solver-failed	0.83299999999999996	inf
training	impcol_e	sparse-tol10	0	11	1	gmres-ilu0-cpu-v1	250	0	solver-failed	14.958	inf
training	impcol_e	sparse-tol10	0	11	2	accelerate-sparse-qr-cpu-v1	0	0	accepted	279.75	9.0949470177292824e-13
training	impcol_e	sparse-tol10	1	3	0	gmres-ilut-cpu-v1	250	0	solver-failed	2.125	inf
training	impcol_e	sparse-tol10	1	3	1	gmres-ilu0-cpu-v1	250	0	solver-failed	41.667000000000002	inf
training	impcol_e	sparse-tol10	1	3	2	accelerate-sparse-qr-cpu-v1	0	0	accepted	425.666	9.0949470177292824e-13
training	impcol_e	sparse-tol10	2	7	0	gmres-ilut-cpu-v1	250	0	solver-failed	2.0409999999999999	inf
training	impcol_e	sparse-tol10	2	7	1	gmres-ilu0-cpu-v1	250	0	solver-failed	39.790999999999997	inf
training	impcol_e	sparse-tol10	2	7	2	accelerate-sparse-qr-cpu-v1	0	0	accepted	374.54199999999997	9.0949470177292824e-13
training	impcol_e	sparse-tol10	3	8	0	gmres-ilut-cpu-v1	250	0	solver-failed	0.5	inf
training	impcol_e	sparse-tol10	3	8	1	gmres-ilu0-cpu-v1	250	0	solver-failed	13.25	inf
training	impcol_e	sparse-tol10	3	8	2	accelerate-sparse-qr-cpu-v1	0	0	accepted	135.958	9.0949470177292824e-13
training	impcol_e	sparse-tol10	4	2	0	gmres-ilut-cpu-v1	250	0	solver-failed	0.79200000000000004	inf
training	impcol_e	sparse-tol10	4	2	1	gmres-ilu0-cpu-v1	250	0	solver-failed	15.667	inf
training	impcol_e	sparse-tol10	4	2	2	accelerate-sparse-qr-cpu-v1	0	0	accepted	224.5	9.0949470177292824e-13
training	impcol_e	random-like-tol6	0	11	0	gmres-ilut-cpu-v1	250	0	solver-failed	0.95799999999999996	inf
training	impcol_e	random-like-tol6	0	11	1	gmres-ilu0-cpu-v1	250	0	solver-failed	15.834	inf
training	impcol_e	random-like-tol6	0	11	2	accelerate-sparse-qr-cpu-v1	0	0	accepted	241.959	1.1368683772161603e-13
training	impcol_e	random-like-tol6	1	3	0	gmres-ilut-cpu-v1	250	0	solver-failed	0.5	inf
training	impcol_e	random-like-tol6	1	3	1	gmres-ilu0-cpu-v1	250	0	solver-failed	13.084	inf
training	impcol_e	random-like-tol6	1	3	2	accelerate-sparse-qr-cpu-v1	0	0	accepted	133.792	1.1368683772161603e-13
training	impcol_e	random-like-tol6	2	7	0	gmres-ilut-cpu-v1	250	0	solver-failed	1	inf
training	impcol_e	random-like-tol6	2	7	1	gmres-ilu0-cpu-v1	250	0	solver-failed	15.417	inf
training	impcol_e	random-like-tol6	2	7	2	accelerate-sparse-qr-cpu-v1	0	0	accepted	343.08300000000003	1.1368683772161603e-13
training	impcol_e	random-like-tol6	3	8	0	gmres-ilut-cpu-v1	250	0	solver-failed	0.45900000000000002	inf
training	impcol_e	random-like-tol6	3	8	1	gmres-ilu0-cpu-v1	250	0	solver-failed	12.916	inf
training	impcol_e	random-like-tol6	3	8	2	accelerate-sparse-qr-cpu-v1	0	0	accepted	135.167	1.1368683772161603e-13
training	impcol_e	random-like-tol6	4	2	0	gmres-ilut-cpu-v1	250	0	solver-failed	1.083	inf
training	impcol_e	random-like-tol6	4	2	1	gmres-ilu0-cpu-v1	250	0	solver-failed	15.458	inf
training	impcol_e	random-like-tol6	4	2	2	accelerate-sparse-qr-cpu-v1	0	0	accepted	210.5	1.1368683772161603e-13
training	impcol_e	random-like-tol10	0	11	0	gmres-ilut-cpu-v1	250	0	solver-failed	1.0409999999999999	inf
training	impcol_e	random-like-tol10	0	11	1	gmres-ilu0-cpu-v1	250	0	solver-failed	15.916	inf
training	impcol_e	random-like-tol10	0	11	2	accelerate-sparse-qr-cpu-v1	0	0	accepted	209.25	4.5474735088646412e-13
training	impcol_e	random-like-tol10	1	3	0	gmres-ilut-cpu-v1	250	0	solver-failed	0.5	inf
training	impcol_e	random-like-tol10	1	3	1	gmres-ilu0-cpu-v1	250	0	solver-failed	13.125	inf
training	impcol_e	random-like-tol10	1	3	2	accelerate-sparse-qr-cpu-v1	0	0	accepted	247.375	4.5474735088646412e-13
training	impcol_e	random-like-tol10	2	7	0	gmres-ilut-cpu-v1	250	0	solver-failed	0.79100000000000004	inf
training	impcol_e	random-like-tol10	2	7	1	gmres-ilu0-cpu-v1	250	0	solver-failed	14.125	inf
training	impcol_e	random-like-tol10	2	7	2	accelerate-sparse-qr-cpu-v1	0	0	accepted	154.709	4.5474735088646412e-13
training	impcol_e	random-like-tol10	3	8	0	gmres-ilut-cpu-v1	250	0	solver-failed	0.70799999999999996	inf
training	impcol_e	random-like-tol10	3	8	1	gmres-ilu0-cpu-v1	250	0	solver-failed	12.959	inf
training	impcol_e	random-like-tol10	3	8	2	accelerate-sparse-qr-cpu-v1	0	0	accepted	132.416	4.5474735088646412e-13
training	impcol_e	random-like-tol10	4	2	0	gmres-ilut-cpu-v1	250	0	solver-failed	1.333	inf
training	impcol_e	random-like-tol10	4	2	1	gmres-ilu0-cpu-v1	250	0	solver-failed	15.875	inf
training	impcol_e	random-like-tol10	4	2	2	accelerate-sparse-qr-cpu-v1	0	0	accepted	1036.7919999999999	4.5474735088646412e-13
training	west0479	smooth-tol6	0	11	0	gmres-ilut-cpu-v1	250	0	solver-failed	2.375	inf
training	west0479	smooth-tol6	0	11	1	gmres-ilu0-cpu-v1	250	0	solver-failed	30.375	inf
training	west0479	smooth-tol6	0	11	2	accelerate-sparse-qr-cpu-v1	0	0	accepted	609.54200000000003	1.7462298274040222e-10
training	west0479	smooth-tol6	1	3	0	gmres-ilut-cpu-v1	250	0	solver-failed	0.91700000000000004	inf
training	west0479	smooth-tol6	1	3	1	gmres-ilu0-cpu-v1	250	0	solver-failed	25.417000000000002	inf
training	west0479	smooth-tol6	1	3	2	accelerate-sparse-qr-cpu-v1	0	0	accepted	568.875	1.7462298274040222e-10
training	west0479	smooth-tol6	2	7	0	gmres-ilut-cpu-v1	250	0	solver-failed	1.708	inf
training	west0479	smooth-tol6	2	7	1	gmres-ilu0-cpu-v1	250	0	solver-failed	29.125	inf
training	west0479	smooth-tol6	2	7	2	accelerate-sparse-qr-cpu-v1	0	0	accepted	611.45799999999997	1.7462298274040222e-10
training	west0479	smooth-tol6	3	8	0	gmres-ilut-cpu-v1	250	0	solver-failed	1.542	inf
training	west0479	smooth-tol6	3	8	1	gmres-ilu0-cpu-v1	250	0	solver-failed	27.291	inf
training	west0479	smooth-tol6	3	8	2	accelerate-sparse-qr-cpu-v1	0	0	accepted	534.45799999999997	1.7462298274040222e-10
training	west0479	smooth-tol6	4	2	0	gmres-ilut-cpu-v1	250	0	solver-failed	2.1669999999999998	inf
training	west0479	smooth-tol6	4	2	1	gmres-ilu0-cpu-v1	250	0	solver-failed	30.417000000000002	inf
training	west0479	smooth-tol6	4	2	2	accelerate-sparse-qr-cpu-v1	0	0	accepted	603.25	1.7462298274040222e-10
training	west0479	smooth-tol10	0	11	0	gmres-ilut-cpu-v1	250	0	solver-failed	3.125	inf
training	west0479	smooth-tol10	0	11	1	gmres-ilu0-cpu-v1	250	0	solver-failed	69.125	inf
training	west0479	smooth-tol10	0	11	2	accelerate-sparse-qr-cpu-v1	0	0	accepted	854.08399999999995	1.7462298274040222e-10
training	west0479	smooth-tol10	1	3	0	gmres-ilut-cpu-v1	250	0	solver-failed	2	inf
training	west0479	smooth-tol10	1	3	1	gmres-ilu0-cpu-v1	250	0	solver-failed	27.125	inf
training	west0479	smooth-tol10	1	3	2	accelerate-sparse-qr-cpu-v1	0	0	accepted	503.25	1.7462298274040222e-10
training	west0479	smooth-tol10	2	7	0	gmres-ilut-cpu-v1	250	0	solver-failed	1.9159999999999999	inf
training	west0479	smooth-tol10	2	7	1	gmres-ilu0-cpu-v1	250	0	solver-failed	30.125	inf
training	west0479	smooth-tol10	2	7	2	accelerate-sparse-qr-cpu-v1	0	0	accepted	850.375	1.7462298274040222e-10
training	west0479	smooth-tol10	3	8	0	gmres-ilut-cpu-v1	250	0	solver-failed	0.91600000000000004	inf
training	west0479	smooth-tol10	3	8	1	gmres-ilu0-cpu-v1	250	0	solver-failed	23.875	inf
training	west0479	smooth-tol10	3	8	2	accelerate-sparse-qr-cpu-v1	0	0	accepted	544.29200000000003	1.7462298274040222e-10
training	west0479	smooth-tol10	4	2	0	gmres-ilut-cpu-v1	250	0	solver-failed	3.0419999999999998	inf
training	west0479	smooth-tol10	4	2	1	gmres-ilu0-cpu-v1	250	0	solver-failed	65.707999999999998	inf
training	west0479	smooth-tol10	4	2	2	accelerate-sparse-qr-cpu-v1	0	0	accepted	887	1.7462298274040222e-10
training	west0479	oscillatory-tol6	0	11	0	gmres-ilut-cpu-v1	250	0	solver-failed	2.1669999999999998	inf
training	west0479	oscillatory-tol6	0	11	1	gmres-ilu0-cpu-v1	250	0	solver-failed	31.25	inf
training	west0479	oscillatory-tol6	0	11	2	accelerate-sparse-qr-cpu-v1	0	0	accepted	604.625	2.3283064365386963e-10
training	west0479	oscillatory-tol6	1	3	0	gmres-ilut-cpu-v1	250	0	solver-failed	2.25	inf
training	west0479	oscillatory-tol6	1	3	1	gmres-ilu0-cpu-v1	250	0	solver-failed	60.875	inf
training	west0479	oscillatory-tol6	1	3	2	accelerate-sparse-qr-cpu-v1	0	0	accepted	972.70799999999997	2.3283064365386963e-10
training	west0479	oscillatory-tol6	2	7	0	gmres-ilut-cpu-v1	250	0	solver-failed	1.8340000000000001	inf
training	west0479	oscillatory-tol6	2	7	1	gmres-ilu0-cpu-v1	250	0	solver-failed	30.167000000000002	inf
training	west0479	oscillatory-tol6	2	7	2	accelerate-sparse-qr-cpu-v1	0	0	accepted	585.91700000000003	2.3283064365386963e-10
training	west0479	oscillatory-tol6	3	8	0	gmres-ilut-cpu-v1	250	0	solver-failed	2.5	inf
training	west0479	oscillatory-tol6	3	8	1	gmres-ilu0-cpu-v1	250	0	solver-failed	23.959	inf
training	west0479	oscillatory-tol6	3	8	2	accelerate-sparse-qr-cpu-v1	0	0	accepted	366.29199999999997	2.3283064365386963e-10
training	west0479	oscillatory-tol6	4	2	0	gmres-ilut-cpu-v1	250	0	solver-failed	2.2080000000000002	inf
training	west0479	oscillatory-tol6	4	2	1	gmres-ilu0-cpu-v1	250	0	solver-failed	31.084	inf
training	west0479	oscillatory-tol6	4	2	2	accelerate-sparse-qr-cpu-v1	0	0	accepted	862.20799999999997	2.3283064365386963e-10
training	west0479	oscillatory-tol10	0	11	0	gmres-ilut-cpu-v1	250	0	solver-failed	1.8340000000000001	inf
training	west0479	oscillatory-tol10	0	11	1	gmres-ilu0-cpu-v1	250	0	solver-failed	30.375	inf
training	west0479	oscillatory-tol10	0	11	2	accelerate-sparse-qr-cpu-v1	0	0	accepted	662.125	2.3283064365386963e-10
training	west0479	oscillatory-tol10	1	3	0	gmres-ilut-cpu-v1	250	0	solver-failed	1.208	inf
training	west0479	oscillatory-tol10	1	3	1	gmres-ilu0-cpu-v1	250	0	solver-failed	27.875	inf
training	west0479	oscillatory-tol10	1	3	2	accelerate-sparse-qr-cpu-v1	0	0	accepted	588.29200000000003	2.3283064365386963e-10
training	west0479	oscillatory-tol10	2	7	0	gmres-ilut-cpu-v1	250	0	solver-failed	1.75	inf
training	west0479	oscillatory-tol10	2	7	1	gmres-ilu0-cpu-v1	250	0	solver-failed	30.5	inf
training	west0479	oscillatory-tol10	2	7	2	accelerate-sparse-qr-cpu-v1	0	0	accepted	819.41700000000003	2.3283064365386963e-10
training	west0479	oscillatory-tol10	3	8	0	gmres-ilut-cpu-v1	250	0	solver-failed	2.5419999999999998	inf
training	west0479	oscillatory-tol10	3	8	1	gmres-ilu0-cpu-v1	250	0	solver-failed	84.375	inf
training	west0479	oscillatory-tol10	3	8	2	accelerate-sparse-qr-cpu-v1	0	0	accepted	917.79200000000003	2.3283064365386963e-10
training	west0479	oscillatory-tol10	4	2	0	gmres-ilut-cpu-v1	250	0	solver-failed	2.4159999999999999	inf
training	west0479	oscillatory-tol10	4	2	1	gmres-ilu0-cpu-v1	250	0	solver-failed	31.084	inf
training	west0479	oscillatory-tol10	4	2	2	accelerate-sparse-qr-cpu-v1	0	0	accepted	645.45899999999995	2.3283064365386963e-10
training	west0479	sparse-tol6	0	11	0	gmres-ilut-cpu-v1	250	0	solver-failed	1.667	inf
training	west0479	sparse-tol6	0	11	1	gmres-ilu0-cpu-v1	250	0	solver-failed	30.542000000000002	inf
training	west0479	sparse-tol6	0	11	2	accelerate-sparse-qr-cpu-v1	0	0	accepted	604.91700000000003	1.2064459476932318e-11
training	west0479	sparse-tol6	1	3	0	gmres-ilut-cpu-v1	250	0	solver-failed	0.79200000000000004	inf
training	west0479	sparse-tol6	1	3	1	gmres-ilu0-cpu-v1	250	0	solver-failed	24.791	inf
training	west0479	sparse-tol6	1	3	2	accelerate-sparse-qr-cpu-v1	0	0	accepted	423.70800000000003	1.2064459476932318e-11
training	west0479	sparse-tol6	2	7	0	gmres-ilut-cpu-v1	250	0	solver-failed	1.75	inf
training	west0479	sparse-tol6	2	7	1	gmres-ilu0-cpu-v1	250	0	solver-failed	30.791	inf
training	west0479	sparse-tol6	2	7	2	accelerate-sparse-qr-cpu-v1	0	0	accepted	612.45899999999995	1.2064459476932318e-11
training	west0479	sparse-tol6	3	8	0	gmres-ilut-cpu-v1	250	0	solver-failed	3	inf
training	west0479	sparse-tol6	3	8	1	gmres-ilu0-cpu-v1	250	0	solver-failed	75.792000000000002	inf
training	west0479	sparse-tol6	3	8	2	accelerate-sparse-qr-cpu-v1	0	0	accepted	495.75	1.2064459476932318e-11
training	west0479	sparse-tol6	4	2	0	gmres-ilut-cpu-v1	250	0	solver-failed	2.3340000000000001	inf
training	west0479	sparse-tol6	4	2	1	gmres-ilu0-cpu-v1	250	0	solver-failed	31.709	inf
training	west0479	sparse-tol6	4	2	2	accelerate-sparse-qr-cpu-v1	0	0	accepted	794.16600000000005	1.2064459476932318e-11
training	west0479	sparse-tol10	0	11	0	gmres-ilut-cpu-v1	250	0	solver-failed	1.875	inf
training	west0479	sparse-tol10	0	11	1	gmres-ilu0-cpu-v1	250	0	solver-failed	29.957999999999998	inf
training	west0479	sparse-tol10	0	11	2	accelerate-sparse-qr-cpu-v1	0	0	accepted	679.16700000000003	1.2064459476932318e-11
training	west0479	sparse-tol10	1	3	0	gmres-ilut-cpu-v1	250	0	solver-failed	0.875	inf
training	west0479	sparse-tol10	1	3	1	gmres-ilu0-cpu-v1	250	0	solver-failed	24.457999999999998	inf
training	west0479	sparse-tol10	1	3	2	accelerate-sparse-qr-cpu-v1	0	0	accepted	401.166	1.2064459476932318e-11
training	west0479	sparse-tol10	2	7	0	gmres-ilut-cpu-v1	250	0	solver-failed	1.9159999999999999	inf
training	west0479	sparse-tol10	2	7	1	gmres-ilu0-cpu-v1	250	0	solver-failed	30.917000000000002	inf
training	west0479	sparse-tol10	2	7	2	accelerate-sparse-qr-cpu-v1	0	0	accepted	932.25	1.2064459476932318e-11
training	west0479	sparse-tol10	3	8	0	gmres-ilut-cpu-v1	250	0	solver-failed	2.25	inf
training	west0479	sparse-tol10	3	8	1	gmres-ilu0-cpu-v1	250	0	solver-failed	24	inf
training	west0479	sparse-tol10	3	8	2	accelerate-sparse-qr-cpu-v1	0	0	accepted	451.5	1.2064459476932318e-11
training	west0479	sparse-tol10	4	2	0	gmres-ilut-cpu-v1	250	0	solver-failed	2.4590000000000001	inf
training	west0479	sparse-tol10	4	2	1	gmres-ilu0-cpu-v1	250	0	solver-failed	30.957999999999998	inf
training	west0479	sparse-tol10	4	2	2	accelerate-sparse-qr-cpu-v1	0	0	accepted	607.04100000000005	1.2064459476932318e-11
training	west0479	random-like-tol6	0	11	0	gmres-ilut-cpu-v1	250	0	solver-failed	1.833	inf
training	west0479	random-like-tol6	0	11	1	gmres-ilu0-cpu-v1	250	0	solver-failed	31.584	inf
training	west0479	random-like-tol6	0	11	2	accelerate-sparse-qr-cpu-v1	0	0	accepted	589.625	8.7311491370201111e-11
training	west0479	random-like-tol6	1	3	0	gmres-ilut-cpu-v1	250	0	solver-failed	1.0840000000000001	inf
training	west0479	random-like-tol6	1	3	1	gmres-ilu0-cpu-v1	250	0	solver-failed	26.457999999999998	inf
training	west0479	random-like-tol6	1	3	2	accelerate-sparse-qr-cpu-v1	0	0	accepted	809.41700000000003	8.7311491370201111e-11
training	west0479	random-like-tol6	2	7	0	gmres-ilut-cpu-v1	250	0	solver-failed	1.833	inf
training	west0479	random-like-tol6	2	7	1	gmres-ilu0-cpu-v1	250	0	solver-failed	30.291	inf
training	west0479	random-like-tol6	2	7	2	accelerate-sparse-qr-cpu-v1	0	0	accepted	599.41600000000005	8.7311491370201111e-11
training	west0479	random-like-tol6	3	8	0	gmres-ilut-cpu-v1	250	0	solver-failed	1	inf
training	west0479	random-like-tol6	3	8	1	gmres-ilu0-cpu-v1	250	0	solver-failed	27.584	inf
training	west0479	random-like-tol6	3	8	2	accelerate-sparse-qr-cpu-v1	0	0	accepted	455.875	8.7311491370201111e-11
training	west0479	random-like-tol6	4	2	0	gmres-ilut-cpu-v1	250	0	solver-failed	2.1659999999999999	inf
training	west0479	random-like-tol6	4	2	1	gmres-ilu0-cpu-v1	250	0	solver-failed	30.125	inf
training	west0479	random-like-tol6	4	2	2	accelerate-sparse-qr-cpu-v1	0	0	accepted	817.16600000000005	8.7311491370201111e-11
training	west0479	random-like-tol10	0	11	0	gmres-ilut-cpu-v1	250	0	solver-failed	1.875	inf
training	west0479	random-like-tol10	0	11	1	gmres-ilu0-cpu-v1	250	0	solver-failed	30.792000000000002	inf
training	west0479	random-like-tol10	0	11	2	accelerate-sparse-qr-cpu-v1	0	0	accepted	608.16700000000003	7.2759576141834259e-11
training	west0479	random-like-tol10	1	3	0	gmres-ilut-cpu-v1	250	0	solver-failed	1.583	inf
training	west0479	random-like-tol10	1	3	1	gmres-ilu0-cpu-v1	250	0	solver-failed	27.375	inf
training	west0479	random-like-tol10	1	3	2	accelerate-sparse-qr-cpu-v1	0	0	accepted	503.125	7.2759576141834259e-11
training	west0479	random-like-tol10	2	7	0	gmres-ilut-cpu-v1	250	0	solver-failed	2.0419999999999998	inf
training	west0479	random-like-tol10	2	7	1	gmres-ilu0-cpu-v1	250	0	solver-failed	30.667000000000002	inf
training	west0479	random-like-tol10	2	7	2	accelerate-sparse-qr-cpu-v1	0	0	accepted	623.91600000000005	7.2759576141834259e-11
training	west0479	random-like-tol10	3	8	0	gmres-ilut-cpu-v1	250	0	solver-failed	1	inf
training	west0479	random-like-tol10	3	8	1	gmres-ilu0-cpu-v1	250	0	solver-failed	24.667000000000002	inf
training	west0479	random-like-tol10	3	8	2	accelerate-sparse-qr-cpu-v1	0	0	accepted	417.79199999999997	7.2759576141834259e-11
training	west0479	random-like-tol10	4	2	0	gmres-ilut-cpu-v1	250	0	solver-failed	1.792	inf
training	west0479	random-like-tol10	4	2	1	gmres-ilu0-cpu-v1	250	0	solver-failed	31.292000000000002	inf
training	west0479	random-like-tol10	4	2	2	accelerate-sparse-qr-cpu-v1	0	0	accepted	707.20799999999997	7.2759576141834259e-11
calibration	nasa2910	smooth-tol6	0	10	0	pcg-ic0-cpu-v1	250	0	solver-failed	536.20799999999997	inf
calibration	nasa2910	smooth-tol6	0	10	1	pcg-jacobi-cpu-v1	250	112	gate-rejected	15588.666999999999	31479.59046042338
calibration	nasa2910	smooth-tol6	0	10	2	accelerate-sparse-qr-cpu-v1	0	0	accepted	28182.625	1.4883698895573616e-07
calibration	nasa2910	smooth-tol6	1	3	0	pcg-ic0-cpu-v1	250	0	solver-failed	483.625	inf
calibration	nasa2910	smooth-tol6	1	3	1	pcg-jacobi-cpu-v1	250	112	gate-rejected	14939.125	31479.59046042338
calibration	nasa2910	smooth-tol6	1	3	2	accelerate-sparse-qr-cpu-v1	0	0	accepted	32084.875	1.4883698895573616e-07
calibration	nasa2910	smooth-tol6	2	6	0	pcg-ic0-cpu-v1	250	0	solver-failed	362.5	inf
calibration	nasa2910	smooth-tol6	2	6	1	pcg-jacobi-cpu-v1	250	112	gate-rejected	12438.25	31479.59046042338
calibration	nasa2910	smooth-tol6	2	6	2	accelerate-sparse-qr-cpu-v1	0	0	accepted	24850.667000000001	1.4883698895573616e-07
calibration	nasa2910	smooth-tol6	3	7	0	pcg-ic0-cpu-v1	250	0	solver-failed	554.29200000000003	inf
calibration	nasa2910	smooth-tol6	3	7	1	pcg-jacobi-cpu-v1	250	112	gate-rejected	15654.915999999999	31479.59046042338
calibration	nasa2910	smooth-tol6	3	7	2	accelerate-sparse-qr-cpu-v1	0	0	accepted	32296.792000000001	1.4883698895573616e-07
calibration	nasa2910	smooth-tol6	4	2	0	pcg-ic0-cpu-v1	250	0	solver-failed	495.20800000000003	inf
calibration	nasa2910	smooth-tol6	4	2	1	pcg-jacobi-cpu-v1	250	112	gate-rejected	14014.458000000001	31479.59046042338
calibration	nasa2910	smooth-tol6	4	2	2	accelerate-sparse-qr-cpu-v1	0	0	accepted	29898.625	1.4883698895573616e-07
calibration	nasa2910	smooth-tol10	0	10	0	pcg-ic0-cpu-v1	250	0	solver-failed	357.25	inf
calibration	nasa2910	smooth-tol10	0	10	1	pcg-jacobi-cpu-v1	250	112	gate-rejected	14357.75	31479.59046042338
calibration	nasa2910	smooth-tol10	0	10	2	accelerate-sparse-qr-cpu-v1	0	0	accepted	28242.625	1.4883698895573616e-07
calibration	nasa2910	smooth-tol10	1	3	0	pcg-ic0-cpu-v1	250	0	solver-failed	565.79100000000005	inf
calibration	nasa2910	smooth-tol10	1	3	1	pcg-jacobi-cpu-v1	250	112	gate-rejected	19718.875	31479.59046042338
calibration	nasa2910	smooth-tol10	1	3	2	accelerate-sparse-qr-cpu-v1	0	0	accepted	26552.083999999999	1.4883698895573616e-07
calibration	nasa2910	smooth-tol10	2	6	0	pcg-ic0-cpu-v1	250	0	solver-failed	541.79100000000005	inf
calibration	nasa2910	smooth-tol10	2	6	1	pcg-jacobi-cpu-v1	250	112	gate-rejected	13630.290999999999	31479.59046042338
calibration	nasa2910	smooth-tol10	2	6	2	accelerate-sparse-qr-cpu-v1	0	0	accepted	30616.375	1.4883698895573616e-07
calibration	nasa2910	smooth-tol10	3	7	0	pcg-ic0-cpu-v1	250	0	solver-failed	343.33300000000003	inf
calibration	nasa2910	smooth-tol10	3	7	1	pcg-jacobi-cpu-v1	250	112	gate-rejected	12802.290999999999	31479.59046042338
calibration	nasa2910	smooth-tol10	3	7	2	accelerate-sparse-qr-cpu-v1	0	0	accepted	24332.416000000001	1.4883698895573616e-07
calibration	nasa2910	smooth-tol10	4	2	0	pcg-ic0-cpu-v1	250	0	solver-failed	359.584	inf
calibration	nasa2910	smooth-tol10	4	2	1	pcg-jacobi-cpu-v1	250	112	gate-rejected	17991.25	31479.59046042338
calibration	nasa2910	smooth-tol10	4	2	2	accelerate-sparse-qr-cpu-v1	0	0	accepted	28431.625	1.4883698895573616e-07
calibration	nasa2910	oscillatory-tol6	0	10	0	pcg-ic0-cpu-v1	250	0	solver-failed	526.625	inf
calibration	nasa2910	oscillatory-tol6	0	10	1	pcg-jacobi-cpu-v1	250	200	gate-rejected	27489.042000000001	912.32610088586807
calibration	nasa2910	oscillatory-tol6	0	10	2	accelerate-sparse-qr-cpu-v1	0	0	accepted	32060.082999999999	1.0430812835693359e-07
calibration	nasa2910	oscillatory-tol6	1	3	0	pcg-ic0-cpu-v1	250	0	solver-failed	590.875	inf
calibration	nasa2910	oscillatory-tol6	1	3	1	pcg-jacobi-cpu-v1	250	200	gate-rejected	25673.457999999999	912.32610088586807
calibration	nasa2910	oscillatory-tol6	1	3	2	accelerate-sparse-qr-cpu-v1	0	0	accepted	28711.332999999999	1.0430812835693359e-07
calibration	nasa2910	oscillatory-tol6	2	6	0	pcg-ic0-cpu-v1	250	0	solver-failed	596.04100000000005	inf
calibration	nasa2910	oscillatory-tol6	2	6	1	pcg-jacobi-cpu-v1	250	200	gate-rejected	24788.708999999999	912.32610088586807
calibration	nasa2910	oscillatory-tol6	2	6	2	accelerate-sparse-qr-cpu-v1	0	0	accepted	28004.417000000001	1.0430812835693359e-07
calibration	nasa2910	oscillatory-tol6	3	7	0	pcg-ic0-cpu-v1	250	0	solver-failed	430.83300000000003	inf
calibration	nasa2910	oscillatory-tol6	3	7	1	pcg-jacobi-cpu-v1	250	200	gate-rejected	23692.582999999999	912.32610088586807
calibration	nasa2910	oscillatory-tol6	3	7	2	accelerate-sparse-qr-cpu-v1	0	0	accepted	27072.292000000001	1.0430812835693359e-07
calibration	nasa2910	oscillatory-tol6	4	2	0	pcg-ic0-cpu-v1	250	0	solver-failed	364.41699999999997	inf
calibration	nasa2910	oscillatory-tol6	4	2	1	pcg-jacobi-cpu-v1	250	200	gate-rejected	41591.207999999999	912.32610088586807
calibration	nasa2910	oscillatory-tol6	4	2	2	accelerate-sparse-qr-cpu-v1	0	0	accepted	25132.125	1.0430812835693359e-07
calibration	nasa2910	oscillatory-tol10	0	10	0	pcg-ic0-cpu-v1	250	0	solver-failed	377.95800000000003	inf
calibration	nasa2910	oscillatory-tol10	0	10	1	pcg-jacobi-cpu-v1	250	200	gate-rejected	28312.792000000001	912.32610088586807
calibration	nasa2910	oscillatory-tol10	0	10	2	accelerate-sparse-qr-cpu-v1	0	0	accepted	37084.75	1.0430812835693359e-07
calibration	nasa2910	oscillatory-tol10	1	3	0	pcg-ic0-cpu-v1	250	0	solver-failed	495.584	inf
calibration	nasa2910	oscillatory-tol10	1	3	1	pcg-jacobi-cpu-v1	250	200	gate-rejected	46407.75	912.32610088586807
calibration	nasa2910	oscillatory-tol10	1	3	2	accelerate-sparse-qr-cpu-v1	0	0	accepted	27794.375	1.0430812835693359e-07
calibration	nasa2910	oscillatory-tol10	2	6	0	pcg-ic0-cpu-v1	250	0	solver-failed	359.459	inf
calibration	nasa2910	oscillatory-tol10	2	6	1	pcg-jacobi-cpu-v1	250	200	gate-rejected	25360.082999999999	912.32610088586807
calibration	nasa2910	oscillatory-tol10	2	6	2	accelerate-sparse-qr-cpu-v1	0	0	accepted	27233.083999999999	1.0430812835693359e-07
calibration	nasa2910	oscillatory-tol10	3	7	0	pcg-ic0-cpu-v1	250	0	solver-failed	467.41699999999997	inf
calibration	nasa2910	oscillatory-tol10	3	7	1	pcg-jacobi-cpu-v1	250	200	gate-rejected	22513.417000000001	912.32610088586807
calibration	nasa2910	oscillatory-tol10	3	7	2	accelerate-sparse-qr-cpu-v1	0	0	accepted	27977.207999999999	1.0430812835693359e-07
calibration	nasa2910	oscillatory-tol10	4	2	0	pcg-ic0-cpu-v1	250	0	solver-failed	356	inf
calibration	nasa2910	oscillatory-tol10	4	2	1	pcg-jacobi-cpu-v1	250	200	gate-rejected	21876.917000000001	912.32610088586807
calibration	nasa2910	oscillatory-tol10	4	2	2	accelerate-sparse-qr-cpu-v1	0	0	accepted	25921.957999999999	1.0430812835693359e-07
calibration	nasa2910	sparse-tol6	0	10	0	pcg-ic0-cpu-v1	250	0	solver-failed	649.91700000000003	inf
calibration	nasa2910	sparse-tol6	0	10	1	pcg-jacobi-cpu-v1	250	101	gate-rejected	16093.125	780.97558976127766
calibration	nasa2910	sparse-tol6	0	10	2	accelerate-sparse-qr-cpu-v1	0	0	accepted	30700.5	1.8017892065426018e-08
calibration	nasa2910	sparse-tol6	1	3	0	pcg-ic0-cpu-v1	250	0	solver-failed	357.58300000000003	inf
calibration	nasa2910	sparse-tol6	1	3	1	pcg-jacobi-cpu-v1	250	101	gate-rejected	10422.166999999999	780.97558976127766
calibration	nasa2910	sparse-tol6	1	3	2	accelerate-sparse-qr-cpu-v1	0	0	accepted	29472.332999999999	1.8017892065426018e-08
calibration	nasa2910	sparse-tol6	2	6	0	pcg-ic0-cpu-v1	250	0	solver-failed	650	inf
calibration	nasa2910	sparse-tol6	2	6	1	pcg-jacobi-cpu-v1	250	101	gate-rejected	17730.25	780.97558976127766
calibration	nasa2910	sparse-tol6	2	6	2	accelerate-sparse-qr-cpu-v1	0	0	accepted	27856.875	1.8017892065426018e-08
calibration	nasa2910	sparse-tol6	3	7	0	pcg-ic0-cpu-v1	250	0	solver-failed	358.25	inf
calibration	nasa2910	sparse-tol6	3	7	1	pcg-jacobi-cpu-v1	250	101	gate-rejected	11546.625	780.97558976127766
calibration	nasa2910	sparse-tol6	3	7	2	accelerate-sparse-qr-cpu-v1	0	0	accepted	30750.875	1.8017892065426018e-08
calibration	nasa2910	sparse-tol6	4	2	0	pcg-ic0-cpu-v1	250	0	solver-failed	358.33300000000003	inf
calibration	nasa2910	sparse-tol6	4	2	1	pcg-jacobi-cpu-v1	250	101	gate-rejected	11238.916999999999	780.97558976127766
calibration	nasa2910	sparse-tol6	4	2	2	accelerate-sparse-qr-cpu-v1	0	0	accepted	29004.541000000001	1.8017892065426018e-08
calibration	nasa2910	sparse-tol10	0	10	0	pcg-ic0-cpu-v1	250	0	solver-failed	376.125	inf
calibration	nasa2910	sparse-tol10	0	10	1	pcg-jacobi-cpu-v1	250	101	gate-rejected	13016.625	780.97558976127766
calibration	nasa2910	sparse-tol10	0	10	2	accelerate-sparse-qr-cpu-v1	0	0	accepted	26212.042000000001	1.8017892065426018e-08
calibration	nasa2910	sparse-tol10	1	3	0	pcg-ic0-cpu-v1	250	0	solver-failed	385.625	inf
calibration	nasa2910	sparse-tol10	1	3	1	pcg-jacobi-cpu-v1	250	101	gate-rejected	10907	780.97558976127766
calibration	nasa2910	sparse-tol10	1	3	2	accelerate-sparse-qr-cpu-v1	0	0	accepted	28809.416000000001	1.8017892065426018e-08
calibration	nasa2910	sparse-tol10	2	6	0	pcg-ic0-cpu-v1	250	0	solver-failed	357.875	inf
calibration	nasa2910	sparse-tol10	2	6	1	pcg-jacobi-cpu-v1	250	101	gate-rejected	12024.459000000001	780.97558976127766
calibration	nasa2910	sparse-tol10	2	6	2	accelerate-sparse-qr-cpu-v1	0	0	accepted	28915.292000000001	1.8017892065426018e-08
calibration	nasa2910	sparse-tol10	3	7	0	pcg-ic0-cpu-v1	250	0	solver-failed	342.791	inf
calibration	nasa2910	sparse-tol10	3	7	1	pcg-jacobi-cpu-v1	250	101	gate-rejected	13179.709000000001	780.97558976127766
calibration	nasa2910	sparse-tol10	3	7	2	accelerate-sparse-qr-cpu-v1	0	0	accepted	24756.125	1.8017892065426018e-08
calibration	nasa2910	sparse-tol10	4	2	0	pcg-ic0-cpu-v1	250	0	solver-failed	677.875	inf
calibration	nasa2910	sparse-tol10	4	2	1	pcg-jacobi-cpu-v1	250	101	gate-rejected	13262.584000000001	780.97558976127766
calibration	nasa2910	sparse-tol10	4	2	2	accelerate-sparse-qr-cpu-v1	0	0	accepted	28133.792000000001	1.8017892065426018e-08
calibration	nasa2910	random-like-tol6	0	10	0	pcg-ic0-cpu-v1	250	0	solver-failed	358.45800000000003	inf
calibration	nasa2910	random-like-tol6	0	10	1	pcg-jacobi-cpu-v1	250	250	accepted	33590.5	242.36351217515767
calibration	nasa2910	random-like-tol6	1	3	0	pcg-ic0-cpu-v1	250	0	solver-failed	599.29100000000005	inf
calibration	nasa2910	random-like-tol6	1	3	1	pcg-jacobi-cpu-v1	250	250	accepted	29508.708999999999	242.36351217515767
calibration	nasa2910	random-like-tol6	2	6	0	pcg-ic0-cpu-v1	250	0	solver-failed	680.83399999999995	inf
calibration	nasa2910	random-like-tol6	2	6	1	pcg-jacobi-cpu-v1	250	250	accepted	30912.125	242.36351217515767
calibration	nasa2910	random-like-tol6	3	7	0	pcg-ic0-cpu-v1	250	0	solver-failed	329.125	inf
calibration	nasa2910	random-like-tol6	3	7	1	pcg-jacobi-cpu-v1	250	250	accepted	27917	242.36351217515767
calibration	nasa2910	random-like-tol6	4	2	0	pcg-ic0-cpu-v1	250	0	solver-failed	407.91699999999997	inf
calibration	nasa2910	random-like-tol6	4	2	1	pcg-jacobi-cpu-v1	250	250	accepted	40033.292000000001	242.36351217515767
calibration	nasa2910	random-like-tol10	0	10	0	pcg-ic0-cpu-v1	250	0	solver-failed	438.375	inf
calibration	nasa2910	random-like-tol10	0	10	1	pcg-jacobi-cpu-v1	250	31	gate-rejected	3747	88647.205248052254
calibration	nasa2910	random-like-tol10	0	10	2	accelerate-sparse-qr-cpu-v1	0	0	accepted	27091.417000000001	8.5681676864624023e-08
calibration	nasa2910	random-like-tol10	1	3	0	pcg-ic0-cpu-v1	250	0	solver-failed	427.29199999999997	inf
calibration	nasa2910	random-like-tol10	1	3	1	pcg-jacobi-cpu-v1	250	31	gate-rejected	3843.6669999999999	88647.205248052254
calibration	nasa2910	random-like-tol10	1	3	2	accelerate-sparse-qr-cpu-v1	0	0	accepted	35200	8.5681676864624023e-08
calibration	nasa2910	random-like-tol10	2	6	0	pcg-ic0-cpu-v1	250	0	solver-failed	633.875	inf
calibration	nasa2910	random-like-tol10	2	6	1	pcg-jacobi-cpu-v1	250	31	gate-rejected	5884.75	88647.205248052254
calibration	nasa2910	random-like-tol10	2	6	2	accelerate-sparse-qr-cpu-v1	0	0	accepted	65859.25	8.5681676864624023e-08
calibration	nasa2910	random-like-tol10	3	7	0	pcg-ic0-cpu-v1	250	0	solver-failed	315.95800000000003	inf
calibration	nasa2910	random-like-tol10	3	7	1	pcg-jacobi-cpu-v1	250	31	gate-rejected	3357.875	88647.205248052254
calibration	nasa2910	random-like-tol10	3	7	2	accelerate-sparse-qr-cpu-v1	0	0	accepted	32982.625	8.5681676864624023e-08
calibration	nasa2910	random-like-tol10	4	2	0	pcg-ic0-cpu-v1	250	0	solver-failed	642.04200000000003	inf
calibration	nasa2910	random-like-tol10	4	2	1	pcg-jacobi-cpu-v1	250	31	gate-rejected	6601.6670000000004	88647.205248052254
calibration	nasa2910	random-like-tol10	4	2	2	accelerate-sparse-qr-cpu-v1	0	0	accepted	28048.082999999999	8.5681676864624023e-08
calibration	G10	smooth-tol6	0	10	0	gmres-ilut-cpu-v1	250	0	solver-failed	6.4169999999999998	inf
calibration	G10	smooth-tol6	0	10	1	gmres-ilu0-cpu-v1	250	0	solver-failed	454.125	inf
calibration	G10	smooth-tol6	0	10	2	accelerate-sparse-qr-cpu-v1	0	0	accepted	11589.5	5.6843418860808015e-14
calibration	G10	smooth-tol6	1	3	0	gmres-ilut-cpu-v1	250	0	solver-failed	6.9160000000000004	inf
calibration	G10	smooth-tol6	1	3	1	gmres-ilu0-cpu-v1	250	0	solver-failed	381.625	inf
calibration	G10	smooth-tol6	1	3	2	accelerate-sparse-qr-cpu-v1	0	0	accepted	10025.915999999999	5.6843418860808015e-14
calibration	G10	smooth-tol6	2	6	0	gmres-ilut-cpu-v1	250	0	solver-failed	6.5419999999999998	inf
calibration	G10	smooth-tol6	2	6	1	gmres-ilu0-cpu-v1	250	0	solver-failed	402.75	inf
calibration	G10	smooth-tol6	2	6	2	accelerate-sparse-qr-cpu-v1	0	0	accepted	10940.75	5.6843418860808015e-14
calibration	G10	smooth-tol6	3	7	0	gmres-ilut-cpu-v1	250	0	solver-failed	6.5839999999999996	inf
calibration	G10	smooth-tol6	3	7	1	gmres-ilu0-cpu-v1	250	0	solver-failed	387.70800000000003	inf
calibration	G10	smooth-tol6	3	7	2	accelerate-sparse-qr-cpu-v1	0	0	accepted	9360.2090000000007	5.6843418860808015e-14
calibration	G10	smooth-tol6	4	2	0	gmres-ilut-cpu-v1	250	0	solver-failed	6.7080000000000002	inf
calibration	G10	smooth-tol6	4	2	1	gmres-ilu0-cpu-v1	250	0	solver-failed	439.875	inf
calibration	G10	smooth-tol6	4	2	2	accelerate-sparse-qr-cpu-v1	0	0	accepted	11104.75	5.6843418860808015e-14
calibration	G10	smooth-tol10	0	10	0	gmres-ilut-cpu-v1	250	0	solver-failed	7.5410000000000004	inf
calibration	G10	smooth-tol10	0	10	1	gmres-ilu0-cpu-v1	250	0	solver-failed	459.791	inf
calibration	G10	smooth-tol10	0	10	2	accelerate-sparse-qr-cpu-v1	0	0	accepted	11703.625	5.6843418860808015e-14
calibration	G10	smooth-tol10	1	3	0	gmres-ilut-cpu-v1	250	0	solver-failed	15.125	inf
calibration	G10	smooth-tol10	1	3	1	gmres-ilu0-cpu-v1	250	0	solver-failed	472.83300000000003	inf
calibration	G10	smooth-tol10	1	3	2	accelerate-sparse-qr-cpu-v1	0	0	accepted	15176.875	5.6843418860808015e-14
calibration	G10	smooth-tol10	2	6	0	gmres-ilut-cpu-v1	250	0	solver-failed	8.2080000000000002	inf
calibration	G10	smooth-tol10	2	6	1	gmres-ilu0-cpu-v1	250	0	solver-failed	387.29199999999997	inf
calibration	G10	smooth-tol10	2	6	2	accelerate-sparse-qr-cpu-v1	0	0	accepted	14803.708000000001	5.6843418860808015e-14
calibration	G10	smooth-tol10	3	7	0	gmres-ilut-cpu-v1	250	0	solver-failed	8.2919999999999998	inf
calibration	G10	smooth-tol10	3	7	1	gmres-ilu0-cpu-v1	250	0	solver-failed	515.45799999999997	inf
calibration	G10	smooth-tol10	3	7	2	accelerate-sparse-qr-cpu-v1	0	0	accepted	16251.084000000001	5.6843418860808015e-14
calibration	G10	smooth-tol10	4	2	0	gmres-ilut-cpu-v1	250	0	solver-failed	7.0419999999999998	inf
calibration	G10	smooth-tol10	4	2	1	gmres-ilu0-cpu-v1	250	0	solver-failed	392.625	inf
calibration	G10	smooth-tol10	4	2	2	accelerate-sparse-qr-cpu-v1	0	0	accepted	12966.041999999999	5.6843418860808015e-14
calibration	G10	oscillatory-tol6	0	10	0	gmres-ilut-cpu-v1	250	0	solver-failed	13.416	inf
calibration	G10	oscillatory-tol6	0	10	1	gmres-ilu0-cpu-v1	250	0	solver-failed	457.125	inf
calibration	G10	oscillatory-tol6	0	10	2	accelerate-sparse-qr-cpu-v1	0	0	accepted	12742.208000000001	4.2632564145606011e-14
calibration	G10	oscillatory-tol6	1	3	0	gmres-ilut-cpu-v1	250	0	solver-failed	6.9580000000000002	inf
calibration	G10	oscillatory-tol6	1	3	1	gmres-ilu0-cpu-v1	250	0	solver-failed	636.16700000000003	inf
calibration	G10	oscillatory-tol6	1	3	2	accelerate-sparse-qr-cpu-v1	0	0	accepted	12713.709000000001	4.2632564145606011e-14
calibration	G10	oscillatory-tol6	2	6	0	gmres-ilut-cpu-v1	250	0	solver-failed	8.2080000000000002	inf
calibration	G10	oscillatory-tol6	2	6	1	gmres-ilu0-cpu-v1	250	0	solver-failed	535.70899999999995	inf
calibration	G10	oscillatory-tol6	2	6	2	accelerate-sparse-qr-cpu-v1	0	0	accepted	37237.75	4.2632564145606011e-14
calibration	G10	oscillatory-tol6	3	7	0	gmres-ilut-cpu-v1	250	0	solver-failed	7	inf
calibration	G10	oscillatory-tol6	3	7	1	gmres-ilu0-cpu-v1	250	0	solver-failed	692.875	inf
calibration	G10	oscillatory-tol6	3	7	2	accelerate-sparse-qr-cpu-v1	0	0	accepted	11864.166999999999	4.2632564145606011e-14
calibration	G10	oscillatory-tol6	4	2	0	gmres-ilut-cpu-v1	250	0	solver-failed	7.2919999999999998	inf
calibration	G10	oscillatory-tol6	4	2	1	gmres-ilu0-cpu-v1	250	0	solver-failed	533	inf
calibration	G10	oscillatory-tol6	4	2	2	accelerate-sparse-qr-cpu-v1	0	0	accepted	12704.583000000001	4.2632564145606011e-14
calibration	G10	oscillatory-tol10	0	10	0	gmres-ilut-cpu-v1	250	0	solver-failed	7	inf
calibration	G10	oscillatory-tol10	0	10	1	gmres-ilu0-cpu-v1	250	0	solver-failed	443.5	inf
calibration	G10	oscillatory-tol10	0	10	2	accelerate-sparse-qr-cpu-v1	0	0	accepted	11259.541999999999	4.2632564145606011e-14
calibration	G10	oscillatory-tol10	1	3	0	gmres-ilut-cpu-v1	250	0	solver-failed	7.625	inf
calibration	G10	oscillatory-tol10	1	3	1	gmres-ilu0-cpu-v1	250	0	solver-failed	382.66699999999997	inf
calibration	G10	oscillatory-tol10	1	3	2	accelerate-sparse-qr-cpu-v1	0	0	accepted	14451.125	4.2632564145606011e-14
calibration	G10	oscillatory-tol10	2	6	0	gmres-ilut-cpu-v1	250	0	solver-failed	6.5	inf
calibration	G10	oscillatory-tol10	2	6	1	gmres-ilu0-cpu-v1	250	0	solver-failed	436.875	inf
calibration	G10	oscillatory-tol10	2	6	2	accelerate-sparse-qr-cpu-v1	0	0	accepted	10348.5	4.2632564145606011e-14
calibration	G10	oscillatory-tol10	3	7	0	gmres-ilut-cpu-v1	250	0	solver-failed	14.709	inf
calibration	G10	oscillatory-tol10	3	7	1	gmres-ilu0-cpu-v1	250	0	solver-failed	764.91700000000003	inf
calibration	G10	oscillatory-tol10	3	7	2	accelerate-sparse-qr-cpu-v1	0	0	accepted	11359.165999999999	4.2632564145606011e-14
calibration	G10	oscillatory-tol10	4	2	0	gmres-ilut-cpu-v1	250	0	solver-failed	6.9580000000000002	inf
calibration	G10	oscillatory-tol10	4	2	1	gmres-ilu0-cpu-v1	250	0	solver-failed	392.29199999999997	inf
calibration	G10	oscillatory-tol10	4	2	2	accelerate-sparse-qr-cpu-v1	0	0	accepted	11704.25	4.2632564145606011e-14
calibration	G10	sparse-tol6	0	10	0	gmres-ilut-cpu-v1	250	0	solver-failed	6.75	inf
calibration	G10	sparse-tol6	0	10	1	gmres-ilu0-cpu-v1	250	0	solver-failed	603.125	inf
calibration	G10	sparse-tol6	0	10	2	accelerate-sparse-qr-cpu-v1	0	0	accepted	10361.790999999999	9.3258734068513149e-15
calibration	G10	sparse-tol6	1	3	0	gmres-ilut-cpu-v1	250	0	solver-failed	5.5	inf
calibration	G10	sparse-tol6	1	3	1	gmres-ilu0-cpu-v1	250	0	solver-failed	396.875	inf
calibration	G10	sparse-tol6	1	3	2	accelerate-sparse-qr-cpu-v1	0	0	accepted	10240.375	9.3258734068513149e-15
calibration	G10	sparse-tol6	2	6	0	gmres-ilut-cpu-v1	250	0	solver-failed	7.4580000000000002	inf
calibration	G10	sparse-tol6	2	6	1	gmres-ilu0-cpu-v1	250	0	solver-failed	386.625	inf
calibration	G10	sparse-tol6	2	6	2	accelerate-sparse-qr-cpu-v1	0	0	accepted	10052.541999999999	9.3258734068513149e-15
calibration	G10	sparse-tol6	3	7	0	gmres-ilut-cpu-v1	250	0	solver-failed	8.75	inf
calibration	G10	sparse-tol6	3	7	1	gmres-ilu0-cpu-v1	250	0	solver-failed	422.916	inf
calibration	G10	sparse-tol6	3	7	2	accelerate-sparse-qr-cpu-v1	0	0	accepted	9433.2919999999995	9.3258734068513149e-15
calibration	G10	sparse-tol6	4	2	0	gmres-ilut-cpu-v1	250	0	solver-failed	16.457999999999998	inf
calibration	G10	sparse-tol6	4	2	1	gmres-ilu0-cpu-v1	250	0	solver-failed	477.54199999999997	inf
calibration	G10	sparse-tol6	4	2	2	accelerate-sparse-qr-cpu-v1	0	0	accepted	12831.333000000001	9.3258734068513149e-15
calibration	G10	sparse-tol10	0	10	0	gmres-ilut-cpu-v1	250	0	solver-failed	13.875	inf
calibration	G10	sparse-tol10	0	10	1	gmres-ilu0-cpu-v1	250	0	solver-failed	563.375	inf
calibration	G10	sparse-tol10	0	10	2	accelerate-sparse-qr-cpu-v1	0	0	accepted	11002.209000000001	9.3258734068513149e-15
calibration	G10	sparse-tol10	1	3	0	gmres-ilut-cpu-v1	250	0	solver-failed	7.125	inf
calibration	G10	sparse-tol10	1	3	1	gmres-ilu0-cpu-v1	250	0	solver-failed	372.20800000000003	inf
calibration	G10	sparse-tol10	1	3	2	accelerate-sparse-qr-cpu-v1	0	0	accepted	12123.915999999999	9.3258734068513149e-15
calibration	G10	sparse-tol10	2	6	0	gmres-ilut-cpu-v1	250	0	solver-failed	7.0419999999999998	inf
calibration	G10	sparse-tol10	2	6	1	gmres-ilu0-cpu-v1	250	0	solver-failed	649.08399999999995	inf
calibration	G10	sparse-tol10	2	6	2	accelerate-sparse-qr-cpu-v1	0	0	accepted	23309.832999999999	9.3258734068513149e-15
calibration	G10	sparse-tol10	3	7	0	gmres-ilut-cpu-v1	250	0	solver-failed	7.8330000000000002	inf
calibration	G10	sparse-tol10	3	7	1	gmres-ilu0-cpu-v1	250	0	solver-failed	1113.5419999999999	inf
calibration	G10	sparse-tol10	3	7	2	accelerate-sparse-qr-cpu-v1	0	0	accepted	12411.5	9.3258734068513149e-15
calibration	G10	sparse-tol10	4	2	0	gmres-ilut-cpu-v1	250	0	solver-failed	6.4589999999999996	inf
calibration	G10	sparse-tol10	4	2	1	gmres-ilu0-cpu-v1	250	0	solver-failed	392.625	inf
calibration	G10	sparse-tol10	4	2	2	accelerate-sparse-qr-cpu-v1	0	0	accepted	13781.334000000001	9.3258734068513149e-15
calibration	G10	random-like-tol6	0	10	0	gmres-ilut-cpu-v1	250	0	solver-failed	12.459	inf
calibration	G10	random-like-tol6	0	10	1	gmres-ilu0-cpu-v1	250	0	solver-failed	880.625	inf
calibration	G10	random-like-tol6	0	10	2	accelerate-sparse-qr-cpu-v1	0	0	accepted	16134	2.8421709430404007e-14
calibration	G10	random-like-tol6	1	3	0	gmres-ilut-cpu-v1	250	0	solver-failed	8.5839999999999996	inf
calibration	G10	random-like-tol6	1	3	1	gmres-ilu0-cpu-v1	250	0	solver-failed	386.29199999999997	inf
calibration	G10	random-like-tol6	1	3	2	accelerate-sparse-qr-cpu-v1	0	0	accepted	15091.875	2.8421709430404007e-14
calibration	G10	random-like-tol6	2	6	0	gmres-ilut-cpu-v1	250	0	solver-failed	7.75	inf
calibration	G10	random-like-tol6	2	6	1	gmres-ilu0-cpu-v1	250	0	solver-failed	437	inf
calibration	G10	random-like-tol6	2	6	2	accelerate-sparse-qr-cpu-v1	0	0	accepted	10600.541999999999	2.8421709430404007e-14
calibration	G10	random-like-tol6	3	7	0	gmres-ilut-cpu-v1	250	0	solver-failed	7.5	inf
calibration	G10	random-like-tol6	3	7	1	gmres-ilu0-cpu-v1	250	0	solver-failed	1064.375	inf
calibration	G10	random-like-tol6	3	7	2	accelerate-sparse-qr-cpu-v1	0	0	accepted	11750.208000000001	2.8421709430404007e-14
calibration	G10	random-like-tol6	4	2	0	gmres-ilut-cpu-v1	250	0	solver-failed	7.1660000000000004	inf
calibration	G10	random-like-tol6	4	2	1	gmres-ilu0-cpu-v1	250	0	solver-failed	800.08299999999997	inf
calibration	G10	random-like-tol6	4	2	2	accelerate-sparse-qr-cpu-v1	0	0	accepted	16590.583999999999	2.8421709430404007e-14
calibration	G10	random-like-tol10	0	10	0	gmres-ilut-cpu-v1	250	0	solver-failed	6.875	inf
calibration	G10	random-like-tol10	0	10	1	gmres-ilu0-cpu-v1	250	0	solver-failed	393.91699999999997	inf
calibration	G10	random-like-tol10	0	10	2	accelerate-sparse-qr-cpu-v1	0	0	accepted	13420.291999999999	3.1086244689504383e-14
calibration	G10	random-like-tol10	1	3	0	gmres-ilut-cpu-v1	250	0	solver-failed	14.333	inf
calibration	G10	random-like-tol10	1	3	1	gmres-ilu0-cpu-v1	250	0	solver-failed	438.45800000000003	inf
calibration	G10	random-like-tol10	1	3	2	accelerate-sparse-qr-cpu-v1	0	0	accepted	10066.333000000001	3.1086244689504383e-14
calibration	G10	random-like-tol10	2	6	0	gmres-ilut-cpu-v1	250	0	solver-failed	6.4589999999999996	inf
calibration	G10	random-like-tol10	2	6	1	gmres-ilu0-cpu-v1	250	0	solver-failed	380	inf
calibration	G10	random-like-tol10	2	6	2	accelerate-sparse-qr-cpu-v1	0	0	accepted	9911	3.1086244689504383e-14
calibration	G10	random-like-tol10	3	7	0	gmres-ilut-cpu-v1	250	0	solver-failed	6.9160000000000004	inf
calibration	G10	random-like-tol10	3	7	1	gmres-ilu0-cpu-v1	250	0	solver-failed	377.625	inf
calibration	G10	random-like-tol10	3	7	2	accelerate-sparse-qr-cpu-v1	0	0	accepted	18085.125	3.1086244689504383e-14
calibration	G10	random-like-tol10	4	2	0	gmres-ilut-cpu-v1	250	0	solver-failed	6.5830000000000002	inf
calibration	G10	random-like-tol10	4	2	1	gmres-ilu0-cpu-v1	250	0	solver-failed	440.91699999999997	inf
calibration	G10	random-like-tol10	4	2	2	accelerate-sparse-qr-cpu-v1	0	0	accepted	10697.584000000001	3.1086244689504383e-14
calibration	ck400	smooth-tol6	0	11	0	gmres-ilut-cpu-v1	250	6	accepted	423.95800000000003	3.144532451981874e-06
calibration	ck400	smooth-tol6	1	3	0	gmres-ilut-cpu-v1	250	6	accepted	368.29199999999997	3.144532451981874e-06
calibration	ck400	smooth-tol6	2	7	0	gmres-ilut-cpu-v1	250	6	accepted	402.75	3.144532451981874e-06
calibration	ck400	smooth-tol6	3	8	0	gmres-ilut-cpu-v1	250	6	accepted	783.91600000000005	3.144532451981874e-06
calibration	ck400	smooth-tol6	4	2	0	gmres-ilut-cpu-v1	250	6	accepted	408.75	3.144532451981874e-06
calibration	ck400	smooth-tol10	0	11	0	gmres-ilut-cpu-v1	250	9	accepted	465.79199999999997	3.8798142476537123e-10
calibration	ck400	smooth-tol10	1	3	0	gmres-ilut-cpu-v1	250	9	accepted	433.95800000000003	3.8798142476537123e-10
calibration	ck400	smooth-tol10	2	7	0	gmres-ilut-cpu-v1	250	9	accepted	579.20799999999997	3.8798142476537123e-10
calibration	ck400	smooth-tol10	3	8	0	gmres-ilut-cpu-v1	250	9	accepted	401.83300000000003	3.8798142476537123e-10
calibration	ck400	smooth-tol10	4	2	0	gmres-ilut-cpu-v1	250	9	accepted	564.58399999999995	3.8798142476537123e-10
calibration	ck400	oscillatory-tol6	0	11	0	gmres-ilut-cpu-v1	250	6	accepted	854.58299999999997	1.6385111289984877e-07
calibration	ck400	oscillatory-tol6	1	3	0	gmres-ilut-cpu-v1	250	6	accepted	541.41600000000005	1.6385111289984877e-07
calibration	ck400	oscillatory-tol6	2	7	0	gmres-ilut-cpu-v1	250	6	accepted	419.5	1.6385111289984877e-07
calibration	ck400	oscillatory-tol6	3	8	0	gmres-ilut-cpu-v1	250	6	accepted	483.66699999999997	1.6385111289984877e-07
calibration	ck400	oscillatory-tol6	4	2	0	gmres-ilut-cpu-v1	250	6	accepted	435.16699999999997	1.6385111289984877e-07
calibration	ck400	oscillatory-tol10	0	11	0	gmres-ilut-cpu-v1	250	9	accepted	910.25	2.1917712089702945e-10
calibration	ck400	oscillatory-tol10	1	3	0	gmres-ilut-cpu-v1	250	9	accepted	427.75	2.1917712089702945e-10
calibration	ck400	oscillatory-tol10	2	7	0	gmres-ilut-cpu-v1	250	9	accepted	659.95799999999997	2.1917712089702945e-10
calibration	ck400	oscillatory-tol10	3	8	0	gmres-ilut-cpu-v1	250	9	accepted	784.58399999999995	2.1917712089702945e-10
calibration	ck400	oscillatory-tol10	4	2	0	gmres-ilut-cpu-v1	250	9	accepted	612.04200000000003	2.1917712089702945e-10
calibration	ck400	sparse-tol6	0	11	0	gmres-ilut-cpu-v1	250	6	accepted	799.45899999999995	1.646334473357882e-08
calibration	ck400	sparse-tol6	1	3	0	gmres-ilut-cpu-v1	250	6	accepted	771.04200000000003	1.646334473357882e-08
calibration	ck400	sparse-tol6	2	7	0	gmres-ilut-cpu-v1	250	6	accepted	405.04199999999997	1.646334473357882e-08
calibration	ck400	sparse-tol6	3	8	0	gmres-ilut-cpu-v1	250	6	accepted	607.29200000000003	1.646334473357882e-08
calibration	ck400	sparse-tol6	4	2	0	gmres-ilut-cpu-v1	250	6	accepted	405.375	1.646334473357882e-08
calibration	ck400	sparse-tol10	0	11	0	gmres-ilut-cpu-v1	250	10	accepted	508.291	9.8959333566170371e-13
calibration	ck400	sparse-tol10	1	3	0	gmres-ilut-cpu-v1	250	10	accepted	410.709	9.8959333566170371e-13
calibration	ck400	sparse-tol10	2	7	0	gmres-ilut-cpu-v1	250	10	accepted	445.666	9.8959333566170371e-13
calibration	ck400	sparse-tol10	3	8	0	gmres-ilut-cpu-v1	250	10	accepted	453.709	9.8959333566170371e-13
calibration	ck400	sparse-tol10	4	2	0	gmres-ilut-cpu-v1	250	10	accepted	537.91700000000003	9.8959333566170371e-13
calibration	ck400	random-like-tol6	0	11	0	gmres-ilut-cpu-v1	250	6	accepted	428.29199999999997	2.5301060500027006e-06
calibration	ck400	random-like-tol6	1	3	0	gmres-ilut-cpu-v1	250	6	accepted	363.834	2.5301060500027006e-06
calibration	ck400	random-like-tol6	2	7	0	gmres-ilut-cpu-v1	250	6	accepted	431.54199999999997	2.5301060500027006e-06
calibration	ck400	random-like-tol6	3	8	0	gmres-ilut-cpu-v1	250	6	accepted	353.79199999999997	2.5301060500027006e-06
calibration	ck400	random-like-tol6	4	2	0	gmres-ilut-cpu-v1	250	6	accepted	417.625	2.5301060500027006e-06
calibration	ck400	random-like-tol10	0	11	0	gmres-ilut-cpu-v1	250	9	accepted	468.541	9.1503971066941858e-11
calibration	ck400	random-like-tol10	1	3	0	gmres-ilut-cpu-v1	250	9	accepted	394.75	9.1503971066941858e-11
calibration	ck400	random-like-tol10	2	7	0	gmres-ilut-cpu-v1	250	9	accepted	469.125	9.1503971066941858e-11
calibration	ck400	random-like-tol10	3	8	0	gmres-ilut-cpu-v1	250	9	accepted	399.75	9.1503971066941858e-11
calibration	ck400	random-like-tol10	4	2	0	gmres-ilut-cpu-v1	250	9	accepted	449.45800000000003	9.1503971066941858e-11
calibration	dw256A	smooth-tol6	0	11	0	gmres-ilut-cpu-v1	250	29	accepted	8382.4169999999995	1.5337826717032321e-07
calibration	dw256A	smooth-tol6	1	3	0	gmres-ilut-cpu-v1	250	29	accepted	8309.75	1.5337826717032321e-07
calibration	dw256A	smooth-tol6	2	7	0	gmres-ilut-cpu-v1	250	29	accepted	7811	1.5337826717032321e-07
calibration	dw256A	smooth-tol6	3	8	0	gmres-ilut-cpu-v1	250	29	accepted	8051.875	1.5337826717032321e-07
calibration	dw256A	smooth-tol6	4	2	0	gmres-ilut-cpu-v1	250	29	accepted	8964.25	1.5337826717032321e-07
calibration	dw256A	smooth-tol10	0	11	0	gmres-ilut-cpu-v1	250	65	accepted	12665.5	6.3463817534525901e-11
calibration	dw256A	smooth-tol10	1	3	0	gmres-ilut-cpu-v1	250	65	accepted	9881.75	6.3463817534525901e-11
calibration	dw256A	smooth-tol10	2	7	0	gmres-ilut-cpu-v1	250	65	accepted	11421.541999999999	6.3463817534525901e-11
calibration	dw256A	smooth-tol10	3	8	0	gmres-ilut-cpu-v1	250	65	accepted	11225.083000000001	6.3463817534525901e-11
calibration	dw256A	smooth-tol10	4	2	0	gmres-ilut-cpu-v1	250	65	accepted	14128.833000000001	6.3463817534525901e-11
calibration	dw256A	oscillatory-tol6	0	11	0	gmres-ilut-cpu-v1	250	28	accepted	7883.125	6.9223860954537031e-07
calibration	dw256A	oscillatory-tol6	1	3	0	gmres-ilut-cpu-v1	250	28	accepted	7532.9579999999996	6.9223860954537031e-07
calibration	dw256A	oscillatory-tol6	2	7	0	gmres-ilut-cpu-v1	250	28	accepted	6956.5420000000004	6.9223860954537031e-07
calibration	dw256A	oscillatory-tol6	3	8	0	gmres-ilut-cpu-v1	250	28	accepted	7532.9170000000004	6.9223860954537031e-07
calibration	dw256A	oscillatory-tol6	4	2	0	gmres-ilut-cpu-v1	250	28	accepted	6931.7920000000004	6.9223860954537031e-07
calibration	dw256A	oscillatory-tol10	0	11	0	gmres-ilut-cpu-v1	250	39	gate-rejected	7514.625	3.518171154404115e-08
calibration	dw256A	oscillatory-tol10	0	11	1	gmres-ilu0-cpu-v1	250	107	gate-rejected	1929.2909999999999	0.28741480816209808
calibration	dw256A	oscillatory-tol10	0	11	2	accelerate-sparse-qr-cpu-v1	0	0	accepted	624.79200000000003	1.3322676295501878e-15
calibration	dw256A	oscillatory-tol10	1	3	0	gmres-ilut-cpu-v1	250	39	gate-rejected	7682.9579999999996	3.518171154404115e-08
calibration	dw256A	oscillatory-tol10	1	3	1	gmres-ilu0-cpu-v1	250	107	gate-rejected	1894.375	0.28741480816209808
calibration	dw256A	oscillatory-tol10	1	3	2	accelerate-sparse-qr-cpu-v1	0	0	accepted	761.08299999999997	1.3322676295501878e-15
calibration	dw256A	oscillatory-tol10	2	7	0	gmres-ilut-cpu-v1	250	39	gate-rejected	7742.0410000000002	3.518171154404115e-08
calibration	dw256A	oscillatory-tol10	2	7	1	gmres-ilu0-cpu-v1	250	107	gate-rejected	2305.75	0.28741480816209808
calibration	dw256A	oscillatory-tol10	2	7	2	accelerate-sparse-qr-cpu-v1	0	0	accepted	890.04100000000005	1.3322676295501878e-15
calibration	dw256A	oscillatory-tol10	3	8	0	gmres-ilut-cpu-v1	250	39	gate-rejected	11530.083000000001	3.518171154404115e-08
calibration	dw256A	oscillatory-tol10	3	8	1	gmres-ilu0-cpu-v1	250	107	gate-rejected	3401.0830000000001	0.28741480816209808
calibration	dw256A	oscillatory-tol10	3	8	2	accelerate-sparse-qr-cpu-v1	0	0	accepted	893.75	1.3322676295501878e-15
calibration	dw256A	oscillatory-tol10	4	2	0	gmres-ilut-cpu-v1	250	39	gate-rejected	9646.0830000000005	3.518171154404115e-08
calibration	dw256A	oscillatory-tol10	4	2	1	gmres-ilu0-cpu-v1	250	107	gate-rejected	2051.2080000000001	0.28741480816209808
calibration	dw256A	oscillatory-tol10	4	2	2	accelerate-sparse-qr-cpu-v1	0	0	accepted	619	1.3322676295501878e-15
calibration	dw256A	sparse-tol6	0	11	0	gmres-ilut-cpu-v1	250	28	accepted	10374.041999999999	6.9826447374132941e-07
calibration	dw256A	sparse-tol6	1	3	0	gmres-ilut-cpu-v1	250	28	accepted	6265.2920000000004	6.9826447374132941e-07
calibration	dw256A	sparse-tol6	2	7	0	gmres-ilut-cpu-v1	250	28	accepted	9391	6.9826447374132941e-07
calibration	dw256A	sparse-tol6	3	8	0	gmres-ilut-cpu-v1	250	28	accepted	6989	6.9826447374132941e-07
calibration	dw256A	sparse-tol6	4	2	0	gmres-ilut-cpu-v1	250	28	accepted	8950.2080000000005	6.9826447374132941e-07
calibration	dw256A	sparse-tol10	0	11	0	gmres-ilut-cpu-v1	250	40	gate-rejected	9528.625	9.9136337821292013e-08
calibration	dw256A	sparse-tol10	0	11	1	gmres-ilu0-cpu-v1	250	56	gate-rejected	1109.6669999999999	0.081862600872635138
calibration	dw256A	sparse-tol10	0	11	2	accelerate-sparse-qr-cpu-v1	0	0	accepted	956.16700000000003	6.6613381477509392e-16
calibration	dw256A	sparse-tol10	1	3	0	gmres-ilut-cpu-v1	250	40	gate-rejected	10047.290999999999	9.9136337821292013e-08
calibration	dw256A	sparse-tol10	1	3	1	gmres-ilu0-cpu-v1	250	56	gate-rejected	1574.1659999999999	0.081862600872635138
calibration	dw256A	sparse-tol10	1	3	2	accelerate-sparse-qr-cpu-v1	0	0	accepted	806.25	6.6613381477509392e-16
calibration	dw256A	sparse-tol10	2	7	0	gmres-ilut-cpu-v1	250	40	gate-rejected	10776.709000000001	9.9136337821292013e-08
calibration	dw256A	sparse-tol10	2	7	1	gmres-ilu0-cpu-v1	250	56	gate-rejected	1323.2919999999999	0.081862600872635138
calibration	dw256A	sparse-tol10	2	7	2	accelerate-sparse-qr-cpu-v1	0	0	accepted	1040.9169999999999	6.6613381477509392e-16
calibration	dw256A	sparse-tol10	3	8	0	gmres-ilut-cpu-v1	250	40	gate-rejected	10040.125	9.9136337821292013e-08
calibration	dw256A	sparse-tol10	3	8	1	gmres-ilu0-cpu-v1	250	56	gate-rejected	1081.6669999999999	0.081862600872635138
calibration	dw256A	sparse-tol10	3	8	2	accelerate-sparse-qr-cpu-v1	0	0	accepted	905.70799999999997	6.6613381477509392e-16
calibration	dw256A	sparse-tol10	4	2	0	gmres-ilut-cpu-v1	250	40	gate-rejected	8308.0409999999993	9.9136337821292013e-08
calibration	dw256A	sparse-tol10	4	2	1	gmres-ilu0-cpu-v1	250	56	gate-rejected	922.20899999999995	0.081862600872635138
calibration	dw256A	sparse-tol10	4	2	2	accelerate-sparse-qr-cpu-v1	0	0	accepted	625.5	6.6613381477509392e-16
calibration	dw256A	random-like-tol6	0	11	0	gmres-ilut-cpu-v1	250	28	accepted	7024.3339999999998	7.5588198233944581e-07
calibration	dw256A	random-like-tol6	1	3	0	gmres-ilut-cpu-v1	250	28	accepted	6561.375	7.5588198233944581e-07
calibration	dw256A	random-like-tol6	2	7	0	gmres-ilut-cpu-v1	250	28	accepted	9715.0409999999993	7.5588198233944581e-07
calibration	dw256A	random-like-tol6	3	8	0	gmres-ilut-cpu-v1	250	28	accepted	6758.7079999999996	7.5588198233944581e-07
calibration	dw256A	random-like-tol6	4	2	0	gmres-ilut-cpu-v1	250	28	accepted	6908.7910000000002	7.5588198233944581e-07
calibration	dw256A	random-like-tol10	0	11	0	gmres-ilut-cpu-v1	250	66	accepted	9564.0830000000005	3.3534536258983394e-11
calibration	dw256A	random-like-tol10	1	3	0	gmres-ilut-cpu-v1	250	66	accepted	8773.875	3.3534536258983394e-11
calibration	dw256A	random-like-tol10	2	7	0	gmres-ilut-cpu-v1	250	66	accepted	9830.4159999999993	3.3534536258983394e-11
calibration	dw256A	random-like-tol10	3	8	0	gmres-ilut-cpu-v1	250	66	accepted	9587.625	3.3534536258983394e-11
calibration	dw256A	random-like-tol10	4	2	0	gmres-ilut-cpu-v1	250	66	accepted	11947.915999999999	3.3534536258983394e-11
heldout	nd3k	smooth-tol6	0	10	0	pcg-ic0-cpu-v1	250	0	solver-failed	340869.25	inf
heldout	nd3k	smooth-tol6	0	10	1	pcg-jacobi-cpu-v1	250	93	gate-rejected	333693.83299999998	0.092529113351287884
heldout	nd3k	smooth-tol6	0	10	2	accelerate-sparse-qr-cpu-v1	0	0	solver-failed	7401300.1660000002	inf
heldout	nd3k	smooth-tol6	0	10	3	superlu-dgssv-cpu-v1	0	0	accepted	14952114.708000001	8.0958330317404403e-13
heldout	nd3k	smooth-tol6	1	3	0	pcg-ic0-cpu-v1	250	0	solver-failed	371573.04200000002	inf
heldout	nd3k	smooth-tol6	1	3	1	pcg-jacobi-cpu-v1	250	93	gate-rejected	323470.58299999998	0.092529113351287884
heldout	nd3k	smooth-tol6	1	3	2	accelerate-sparse-qr-cpu-v1	0	0	solver-failed	7963156.7910000002	inf
heldout	nd3k	smooth-tol6	1	3	3	superlu-dgssv-cpu-v1	0	0	accepted	12454233.415999999	8.0958330317404